{"v":"5.6.2","fr":30,"ip":0,"op":151,"w":813,"h":727,"nm":"team","ddd":0,"assets":[{"id":"comp_0","layers":[{"ddd":0,"ind":1,"ty":0,"nm":"Pre-comp 1","refId":"comp_1","sr":1,"ks":{"o":{"a":1,"k":[{"i":{"x":[0.833],"y":[0.833]},"o":{"x":[0.7],"y":[0]},"t":130,"s":[100]},{"t":150,"s":[0]}],"ix":11},"r":{"a":0,"k":0,"ix":10},"p":{"a":1,"k":[{"i":{"x":0.833,"y":0.833},"o":{"x":0.7,"y":0},"t":130,"s":[645,517.5,0],"to":[0,0,0],"ti":[0,0,0]},{"t":150,"s":[645,562.5,0]}],"ix":2},"a":{"a":0,"k":[645,517.5,0],"ix":1},"s":{"a":0,"k":[100,100,100],"ix":6}},"ao":0,"w":1290,"h":1035,"ip":0,"op":3926,"st":0,"bm":0}]},{"id":"comp_1","layers":[{"ddd":0,"ind":1,"ty":4,"nm":"Слой 22 Outlines","parent":4,"sr":1,"ks":{"o":{"a":0,"k":100,"ix":11},"r":{"a":0,"k":0,"ix":10},"p":{"a":0,"k":[58.767,72.695,0],"ix":2},"a":{"a":0,"k":[6.495,6.486,0],"ix":1},"s":{"a":1,"k":[{"i":{"x":[0.833,0.833,0.833],"y":[0.833,0.833,-15.667]},"o":{"x":[0.59,0.59,0.59],"y":[0,0,0]},"t":30,"s":[0,0,100]},{"t":38,"s":[100,100,100]}],"ix":6,"x":"var $bm_rt;\nvar amp, freq, decay, n, t, v;\ntry {\n    amp = $bm_div(effect('Scale - Overshoot')('ADBE Slider Control-0001'), 2.5), freq = $bm_div(effect('Scale - Bounce')('ADBE Slider Control-0001'), 20), decay = $bm_div(effect('Scale - Friction')('ADBE Slider Control-0001'), 20), n = 0, 0 < numKeys && (n = nearestKey(time).index, key(n).time > time && n--), t = 0 === n ? 0 : $bm_sub(time, key(n).time), $bm_rt = 0 < n ? (v = velocityAtTime($bm_sub(key(n).time, $bm_div(thisComp.frameDuration, 10))), $bm_sum(value, $bm_div($bm_mul($bm_mul($bm_div(v, 100), amp), Math.sin($bm_mul($bm_mul($bm_mul(freq, t), 2), Math.PI))), Math.exp($bm_mul(decay, t))))) : value;\n} catch (e$$4) {\n    $bm_rt = value = value;\n}"}},"ao":0,"ef":[{"ty":5,"nm":"Scale - Overshoot","np":3,"mn":"ADBE Slider Control","ix":1,"en":1,"ef":[{"ty":0,"nm":"Slider","mn":"ADBE Slider Control-0001","ix":1,"v":{"a":0,"k":10,"ix":1,"x":"var $bm_rt;\n$bm_rt = clamp(value, 0, 100);"}}]},{"ty":5,"nm":"Scale - Bounce","np":3,"mn":"ADBE Slider Control","ix":2,"en":1,"ef":[{"ty":0,"nm":"Slider","mn":"ADBE Slider Control-0001","ix":1,"v":{"a":0,"k":40,"ix":1,"x":"var $bm_rt;\n$bm_rt = clamp(value, 0, 100);"}}]},{"ty":5,"nm":"Scale - Friction","np":3,"mn":"ADBE Slider Control","ix":3,"en":1,"ef":[{"ty":0,"nm":"Slider","mn":"ADBE Slider Control-0001","ix":1,"v":{"a":0,"k":80,"ix":1,"x":"var $bm_rt;\n$bm_rt = clamp(value, 0, 100);"}}]}],"shapes":[{"ty":"gr","it":[{"ind":0,"ty":"sh","ix":1,"ks":{"a":0,"k":{"i":[[-3.449,0],[0,3.443],[3.446,-0.003],[0.003,-3.447]],"o":[[3.449,0],[-0.003,-3.447],[-3.446,-0.003],[0,3.443]],"v":[[0,6.236],[6.245,0.002],[0,-6.233],[-6.245,0.002]],"c":true},"ix":2},"nm":"Path 1","mn":"ADBE Vector Shape - Group","hd":false},{"ty":"fl","c":{"a":0,"k":[0.081999999402,0.764999988032,0.603999956916,1],"ix":4},"o":{"a":0,"k":100,"ix":5},"r":1,"bm":0,"nm":"Fill 1","mn":"ADBE Vector Graphic - Fill","hd":false},{"ty":"tr","p":{"a":0,"k":[6.495,6.486],"ix":2},"a":{"a":0,"k":[0,0],"ix":1},"s":{"a":0,"k":[100,100],"ix":3},"r":{"a":0,"k":0,"ix":6},"o":{"a":0,"k":100,"ix":7},"sk":{"a":0,"k":0,"ix":4},"sa":{"a":0,"k":0,"ix":5},"nm":"Transform"}],"nm":"Group 1","np":2,"cix":2,"bm":0,"ix":1,"mn":"ADBE Vector Group","hd":false}],"ip":0,"op":3926,"st":0,"bm":0},{"ddd":0,"ind":2,"ty":4,"nm":"Слой 29 Outlines","parent":4,"sr":1,"ks":{"o":{"a":0,"k":100,"ix":11},"r":{"a":0,"k":0,"ix":10},"p":{"a":0,"k":[36.129,38.408,0],"ix":2},"a":{"a":0,"k":[23.639,19.703,0],"ix":1},"s":{"a":0,"k":[100,100,100],"ix":6}},"ao":0,"shapes":[{"ty":"gr","it":[{"ind":0,"ty":"sh","ix":1,"ks":{"a":0,"k":{"i":[[0,0],[0,0]],"o":[[0,0],[0,0]],"v":[[1,38.407],[46.277,38.407]],"c":false},"ix":2},"nm":"Path 1","mn":"ADBE Vector Shape - Group","hd":false},{"ind":1,"ty":"sh","ix":2,"ks":{"a":0,"k":{"i":[[0,0],[0,0]],"o":[[0,0],[0,0]],"v":[[1,25.937],[46.277,25.937]],"c":false},"ix":2},"nm":"Path 2","mn":"ADBE Vector Shape - Group","hd":false},{"ind":2,"ty":"sh","ix":3,"ks":{"a":0,"k":{"i":[[0,0],[0,0]],"o":[[0,0],[0,0]],"v":[[1,13.469],[46.277,13.469]],"c":false},"ix":2},"nm":"Path 3","mn":"ADBE Vector Shape - Group","hd":false},{"ind":3,"ty":"sh","ix":4,"ks":{"a":0,"k":{"i":[[0,0],[0,0]],"o":[[0,0],[0,0]],"v":[[1,1],[22.077,1]],"c":false},"ix":2},"nm":"Path 4","mn":"ADBE Vector Shape - Group","hd":false},{"ty":"tm","s":{"a":0,"k":0,"ix":1},"e":{"a":1,"k":[{"i":{"x":[0.41],"y":[1]},"o":{"x":[0.59],"y":[0]},"t":13,"s":[0]},{"t":30,"s":[100]}],"ix":2},"o":{"a":0,"k":0,"ix":3},"m":1,"ix":5,"nm":"Trim Paths 1","mn":"ADBE Vector Filter - Trim","hd":false},{"ty":"st","c":{"a":0,"k":[0.122000002394,0.141000007181,0.234999997008,1],"ix":3},"o":{"a":0,"k":100,"ix":4},"w":{"a":0,"k":1,"ix":5},"lc":1,"lj":1,"ml":4,"bm":0,"nm":"Stroke 1","mn":"ADBE Vector Graphic - Stroke","hd":false},{"ty":"tr","p":{"a":0,"k":[0,0],"ix":2},"a":{"a":0,"k":[0,0],"ix":1},"s":{"a":0,"k":[100,100],"ix":3},"r":{"a":0,"k":0,"ix":6},"o":{"a":0,"k":100,"ix":7},"sk":{"a":0,"k":0,"ix":4},"sa":{"a":0,"k":0,"ix":5},"nm":"Transform"}],"nm":"Group 1","np":6,"cix":2,"bm":0,"ix":1,"mn":"ADBE Vector Group","hd":false}],"ip":0,"op":3926,"st":0,"bm":0},{"ddd":0,"ind":3,"ty":4,"nm":"Слой 28 Outlines","parent":4,"sr":1,"ks":{"o":{"a":0,"k":100,"ix":11},"r":{"a":0,"k":0,"ix":10},"p":{"a":0,"k":[41.672,32.174,0],"ix":2},"a":{"a":0,"k":[11.655,4.925,0],"ix":1},"s":{"a":1,"k":[{"i":{"x":[0.833,0.833,0.833],"y":[0.833,1,1]},"o":{"x":[0.59,0.59,0.59],"y":[0,0,0]},"t":24,"s":[0,100,100]},{"t":29,"s":[100,100,100]}],"ix":6,"x":"var $bm_rt;\nvar amp, freq, decay, n, t, v;\ntry {\n    amp = $bm_div(effect('Scale - Overshoot')('ADBE Slider Control-0001'), 2.5), freq = $bm_div(effect('Scale - Bounce')('ADBE Slider Control-0001'), 20), decay = $bm_div(effect('Scale - Friction')('ADBE Slider Control-0001'), 20), n = 0, 0 < numKeys && (n = nearestKey(time).index, key(n).time > time && n--), t = 0 === n ? 0 : $bm_sub(time, key(n).time), $bm_rt = 0 < n ? (v = velocityAtTime($bm_sub(key(n).time, $bm_div(thisComp.frameDuration, 10))), $bm_sum(value, $bm_div($bm_mul($bm_mul($bm_div(v, 100), amp), Math.sin($bm_mul($bm_mul($bm_mul(freq, t), 2), Math.PI))), Math.exp($bm_mul(decay, t))))) : value;\n} catch (e$$4) {\n    $bm_rt = value = value;\n}"}},"ao":0,"ef":[{"ty":5,"nm":"Scale - Overshoot","np":3,"mn":"ADBE Slider Control","ix":1,"en":1,"ef":[{"ty":0,"nm":"Slider","mn":"ADBE Slider Control-0001","ix":1,"v":{"a":0,"k":10,"ix":1,"x":"var $bm_rt;\n$bm_rt = clamp(value, 0, 100);"}}]},{"ty":5,"nm":"Scale - Bounce","np":3,"mn":"ADBE Slider Control","ix":2,"en":1,"ef":[{"ty":0,"nm":"Slider","mn":"ADBE Slider Control-0001","ix":1,"v":{"a":0,"k":40,"ix":1,"x":"var $bm_rt;\n$bm_rt = clamp(value, 0, 100);"}}]},{"ty":5,"nm":"Scale - Friction","np":3,"mn":"ADBE Slider Control","ix":3,"en":1,"ef":[{"ty":0,"nm":"Slider","mn":"ADBE Slider Control-0001","ix":1,"v":{"a":0,"k":80,"ix":1,"x":"var $bm_rt;\n$bm_rt = clamp(value, 0, 100);"}}]}],"shapes":[{"ty":"gr","it":[{"ind":0,"ty":"sh","ix":1,"ks":{"a":0,"k":{"i":[[0,0],[-1.104,0],[0,0],[0,-1.105],[0,0],[1.105,0],[0,0],[0,1.104]],"o":[[0,-1.105],[0,0],[1.105,0],[0,0],[0,1.104],[0,0],[-1.104,0],[0,0]],"v":[[-11.405,-2.676],[-9.405,-4.676],[9.405,-4.676],[11.405,-2.676],[11.405,2.676],[9.405,4.676],[-9.405,4.676],[-11.405,2.676]],"c":true},"ix":2},"nm":"Path 1","mn":"ADBE Vector Shape - Group","hd":false},{"ty":"fl","c":{"a":0,"k":[0.948999980852,0.54900004069,0.54900004069,1],"ix":4},"o":{"a":0,"k":100,"ix":5},"r":1,"bm":0,"nm":"Fill 1","mn":"ADBE Vector Graphic - Fill","hd":false},{"ty":"tr","p":{"a":0,"k":[11.655,4.926],"ix":2},"a":{"a":0,"k":[0,0],"ix":1},"s":{"a":0,"k":[100,100],"ix":3},"r":{"a":0,"k":0,"ix":6},"o":{"a":0,"k":100,"ix":7},"sk":{"a":0,"k":0,"ix":4},"sa":{"a":0,"k":0,"ix":5},"nm":"Transform"}],"nm":"Group 1","np":2,"cix":2,"bm":0,"ix":1,"mn":"ADBE Vector Group","hd":false}],"ip":0,"op":3926,"st":0,"bm":0},{"ddd":0,"ind":4,"ty":4,"nm":"Слой 27 Outlines","sr":1,"ks":{"o":{"a":1,"k":[{"i":{"x":[0.667],"y":[1]},"o":{"x":[0.333],"y":[0]},"t":0,"s":[0]},{"t":3,"s":[100]}],"ix":11},"r":{"a":1,"k":[{"i":{"x":[0.37],"y":[1]},"o":{"x":[0.63],"y":[0]},"t":0,"s":[0]},{"t":13,"s":[0]}],"ix":10},"p":{"a":1,"k":[{"i":{"x":0.833,"y":0.833},"o":{"x":0.63,"y":0},"t":0,"s":[484.414,792.194,0],"to":[0,0,0],"ti":[0,0,0]},{"t":13,"s":[484.414,692.194,0]}],"ix":2,"x":"var $bm_rt;\nvar amp, freq, decay, n, t, v;\ntry {\n    amp = $bm_div(effect('Position - Overshoot')('ADBE Slider Control-0001'), 2.5), freq = $bm_div(effect('Position - Bounce')('ADBE Slider Control-0001'), 20), decay = $bm_div(effect('Position - Friction')('ADBE Slider Control-0001'), 20), n = 0, 0 < numKeys && (n = nearestKey(time).index, key(n).time > time && n--), t = 0 === n ? 0 : $bm_sub(time, key(n).time), $bm_rt = 0 < n ? (v = velocityAtTime($bm_sub(key(n).time, $bm_div(thisComp.frameDuration, 10))), $bm_sum(value, $bm_div($bm_mul($bm_mul($bm_div(v, 100), amp), Math.sin($bm_mul($bm_mul($bm_mul(freq, t), 2), Math.PI))), Math.exp($bm_mul(decay, t))))) : value;\n} catch (e$$4) {\n    $bm_rt = value = value;\n}"},"a":{"a":0,"k":[36.129,43.083,0],"ix":1},"s":{"a":1,"k":[{"i":{"x":[0.37,0.37,0.37],"y":[1,1,1]},"o":{"x":[0.63,0.63,0.63],"y":[0,0,0]},"t":0,"s":[150,150,100]},{"t":13,"s":[300,300,100]}],"ix":6}},"ao":0,"ef":[{"ty":5,"nm":"Position - Overshoot","np":3,"mn":"ADBE Slider Control","ix":1,"en":1,"ef":[{"ty":0,"nm":"Slider","mn":"ADBE Slider Control-0001","ix":1,"v":{"a":0,"k":10,"ix":1,"x":"var $bm_rt;\n$bm_rt = clamp(value, 0, 100);"}}]},{"ty":5,"nm":"Position - Bounce","np":3,"mn":"ADBE Slider Control","ix":2,"en":1,"ef":[{"ty":0,"nm":"Slider","mn":"ADBE Slider Control-0001","ix":1,"v":{"a":0,"k":40,"ix":1,"x":"var $bm_rt;\n$bm_rt = clamp(value, 0, 100);"}}]},{"ty":5,"nm":"Position - Friction","np":3,"mn":"ADBE Slider Control","ix":3,"en":1,"ef":[{"ty":0,"nm":"Slider","mn":"ADBE Slider Control-0001","ix":1,"v":{"a":0,"k":80,"ix":1,"x":"var $bm_rt;\n$bm_rt = clamp(value, 0, 100);"}}]}],"shapes":[{"ty":"gr","it":[{"ind":0,"ty":"sh","ix":1,"ks":{"a":0,"k":{"i":[[-3.313,0],[0,0],[0,-3.314],[0,0],[3.314,0],[0,0],[0,3.313],[0,0]],"o":[[0,0],[3.314,0],[0,0],[0,3.313],[0,0],[-3.313,0],[0,0],[0,-3.314]],"v":[[-29.129,-42.083],[29.128,-42.083],[35.129,-36.083],[35.129,36.083],[29.128,42.083],[-29.129,42.083],[-35.129,36.083],[-35.129,-36.083]],"c":true},"ix":2},"nm":"Path 1","mn":"ADBE Vector Shape - Group","hd":false},{"ty":"st","c":{"a":0,"k":[0.122000002394,0.141000007181,0.234999997008,1],"ix":3},"o":{"a":0,"k":100,"ix":4},"w":{"a":1,"k":[{"i":{"x":[0.41],"y":[1]},"o":{"x":[0.59],"y":[0]},"t":0,"s":[2]},{"t":13,"s":[1]}],"ix":5},"lc":1,"lj":1,"ml":4,"bm":0,"nm":"Stroke 1","mn":"ADBE Vector Graphic - Stroke","hd":false},{"ty":"tr","p":{"a":0,"k":[36.129,43.083],"ix":2},"a":{"a":0,"k":[0,0],"ix":1},"s":{"a":0,"k":[100,100],"ix":3},"r":{"a":0,"k":0,"ix":6},"o":{"a":0,"k":100,"ix":7},"sk":{"a":0,"k":0,"ix":4},"sa":{"a":0,"k":0,"ix":5},"nm":"Transform"}],"nm":"Group 1","np":2,"cix":2,"bm":0,"ix":1,"mn":"ADBE Vector Group","hd":false},{"ty":"gr","it":[{"ind":0,"ty":"sh","ix":1,"ks":{"a":0,"k":{"i":[[-3.313,0],[0,0],[0,-3.314],[0,0],[3.314,0],[0,0],[0,3.313],[0,0]],"o":[[0,0],[3.314,0],[0,0],[0,3.313],[0,0],[-3.313,0],[0,0],[0,-3.314]],"v":[[-29.129,-42.083],[29.128,-42.083],[35.129,-36.083],[35.129,36.083],[29.128,42.083],[-29.129,42.083],[-35.129,36.083],[-35.129,-36.083]],"c":true},"ix":2},"nm":"Path 1","mn":"ADBE Vector Shape - Group","hd":false},{"ty":"fl","c":{"a":0,"k":[1,1,1,1],"ix":4},"o":{"a":0,"k":100,"ix":5},"r":1,"bm":0,"nm":"Fill 1","mn":"ADBE Vector Graphic - Fill","hd":false},{"ty":"tr","p":{"a":0,"k":[36.129,43.083],"ix":2},"a":{"a":0,"k":[0,0],"ix":1},"s":{"a":0,"k":[100,100],"ix":3},"r":{"a":0,"k":0,"ix":6},"o":{"a":0,"k":100,"ix":7},"sk":{"a":0,"k":0,"ix":4},"sa":{"a":0,"k":0,"ix":5},"nm":"Transform"}],"nm":"Group 2","np":2,"cix":2,"bm":0,"ix":2,"mn":"ADBE Vector Group","hd":false}],"ip":0,"op":3926,"st":0,"bm":0},{"ddd":0,"ind":5,"ty":4,"nm":"Слой 26 Outlines","parent":4,"sr":1,"ks":{"o":{"a":1,"k":[{"i":{"x":[0.667],"y":[1]},"o":{"x":[0.333],"y":[0]},"t":0,"s":[0]},{"t":3,"s":[20]}],"ix":11},"r":{"a":0,"k":0,"ix":10},"p":{"a":0,"k":[25.343,53.288,0],"ix":2},"a":{"a":0,"k":[33.31,40.112,0],"ix":1},"s":{"a":0,"k":[100,100,100],"ix":6}},"ao":0,"shapes":[{"ty":"gr","it":[{"ind":0,"ty":"sh","ix":1,"ks":{"a":0,"k":{"i":[[-3.313,0],[0,0],[0,-3.313],[0,0],[3.314,0],[0,0],[0,3.313],[0,0]],"o":[[0,0],[3.314,0],[0,0],[0,3.313],[0,0],[-3.313,0],[0,0],[0,-3.313]],"v":[[-26.81,-39.613],[26.81,-39.613],[32.81,-33.613],[32.81,33.613],[26.81,39.613],[-26.81,39.613],[-32.81,33.613],[-32.81,-33.613]],"c":true},"ix":2},"nm":"Path 1","mn":"ADBE Vector Shape - Group","hd":false},{"ty":"st","c":{"a":0,"k":[0.122000002394,0.141000007181,0.234999997008,1],"ix":3},"o":{"a":0,"k":100,"ix":4},"w":{"a":0,"k":1,"ix":5},"lc":1,"lj":1,"ml":4,"bm":0,"nm":"Stroke 1","mn":"ADBE Vector Graphic - Stroke","hd":false},{"ty":"tr","p":{"a":0,"k":[33.31,40.113],"ix":2},"a":{"a":0,"k":[0,0],"ix":1},"s":{"a":0,"k":[100,100],"ix":3},"r":{"a":0,"k":0,"ix":6},"o":{"a":0,"k":100,"ix":7},"sk":{"a":0,"k":0,"ix":4},"sa":{"a":0,"k":0,"ix":5},"nm":"Transform"}],"nm":"Group 1","np":2,"cix":2,"bm":0,"ix":1,"mn":"ADBE Vector Group","hd":false},{"ty":"gr","it":[{"ind":0,"ty":"sh","ix":1,"ks":{"a":0,"k":{"i":[[-3.313,0],[0,0],[0,-3.313],[0,0],[3.314,0],[0,0],[0,3.313],[0,0]],"o":[[0,0],[3.314,0],[0,0],[0,3.313],[0,0],[-3.313,0],[0,0],[0,-3.313]],"v":[[-26.81,-39.613],[26.81,-39.613],[32.81,-33.613],[32.81,33.613],[26.81,39.613],[-26.81,39.613],[-32.81,33.613],[-32.81,-33.613]],"c":true},"ix":2},"nm":"Path 1","mn":"ADBE Vector Shape - Group","hd":false},{"ty":"fl","c":{"a":0,"k":[0.122000002394,0.141000007181,0.234999997008,1],"ix":4},"o":{"a":0,"k":100,"ix":5},"r":1,"bm":0,"nm":"Fill 1","mn":"ADBE Vector Graphic - Fill","hd":false},{"ty":"tr","p":{"a":0,"k":[33.31,40.113],"ix":2},"a":{"a":0,"k":[0,0],"ix":1},"s":{"a":0,"k":[100,100],"ix":3},"r":{"a":0,"k":0,"ix":6},"o":{"a":0,"k":100,"ix":7},"sk":{"a":0,"k":0,"ix":4},"sa":{"a":0,"k":0,"ix":5},"nm":"Transform"}],"nm":"Group 2","np":2,"cix":2,"bm":0,"ix":2,"mn":"ADBE Vector Group","hd":false}],"ip":0,"op":3926,"st":0,"bm":0}]}],"layers":[{"ddd":0,"ind":1,"ty":4,"nm":"Shape Layer 1","parent":4,"td":1,"sr":1,"ks":{"o":{"a":0,"k":100,"ix":11},"r":{"a":0,"k":0,"ix":10},"p":{"a":0,"k":[-68.228,53.233,0],"ix":2},"a":{"a":0,"k":[0,0,0],"ix":1},"s":{"a":0,"k":[31.25,31.25,100],"ix":6}},"ao":0,"shapes":[{"ty":"gr","it":[{"ind":0,"ty":"sh","ix":1,"ks":{"a":0,"k":{"i":[[0,0],[0,0],[0,0]],"o":[[0,0],[0,0],[0,0]],"v":[[250.188,-113.688],[267.75,-96.75],[300.75,-129.563]],"c":false},"ix":2},"nm":"Path 1","mn":"ADBE Vector Shape - Group","hd":false},{"ty":"tm","s":{"a":0,"k":0,"ix":1},"e":{"a":1,"k":[{"i":{"x":[0],"y":[1]},"o":{"x":[0.167],"y":[0.278]},"t":0,"s":[0]},{"t":25,"s":[100]}],"ix":2},"o":{"a":0,"k":0,"ix":3},"m":1,"ix":2,"nm":"Trim Paths 1","mn":"ADBE Vector Filter - Trim","hd":false},{"ty":"st","c":{"a":0,"k":[0,0,0,1],"ix":3},"o":{"a":0,"k":100,"ix":4},"w":{"a":0,"k":9,"ix":5},"lc":2,"lj":2,"bm":0,"nm":"Stroke 1","mn":"ADBE Vector Graphic - Stroke","hd":false},{"ty":"tr","p":{"a":0,"k":[0,0],"ix":2},"a":{"a":0,"k":[0,0],"ix":1},"s":{"a":0,"k":[100,100],"ix":3},"r":{"a":0,"k":0,"ix":6},"o":{"a":0,"k":100,"ix":7},"sk":{"a":0,"k":0,"ix":4},"sa":{"a":0,"k":0,"ix":5},"nm":"Transform"}],"nm":"Shape 1","np":4,"cix":2,"bm":0,"ix":1,"mn":"ADBE Vector Group","hd":false}],"ip":0,"op":3926,"st":0,"bm":0},{"ddd":0,"ind":2,"ty":4,"nm":"Слой 16 Outlines","parent":4,"tt":1,"sr":1,"ks":{"o":{"a":0,"k":100,"ix":11},"r":{"a":0,"k":0,"ix":10},"p":{"a":0,"k":[17.97,18.044,0],"ix":2},"a":{"a":0,"k":[9.714,6.917,0],"ix":1},"s":{"a":0,"k":[93.75,93.75,100],"ix":6}},"ao":0,"shapes":[{"ty":"gr","it":[{"ind":0,"ty":"sh","ix":1,"ks":{"a":0,"k":{"i":[[0.334,0],[0.223,0.222],[0,0],[-0.557,0.445],[-0.446,-0.556],[0,0],[0,0],[-0.444,-0.555],[0.558,-0.444],[0,0]],"o":[[-0.335,0],[0,0],[-0.557,-0.556],[0.556,-0.556],[0,0],[0,0],[0.556,-0.555],[0.558,0.556],[0,0],[-0.11,0.111]],"v":[[-2.672,6.667],[-3.564,6.334],[-8.907,1],[-8.907,-0.778],[-7.125,-0.778],[-2.672,3.667],[7.126,-6.112],[8.906,-6.112],[8.906,-4.334],[-1.894,6.445]],"c":true},"ix":2},"nm":"Path 1","mn":"ADBE Vector Shape - Group","hd":false},{"ty":"fl","c":{"a":0,"k":[1,1,1,1],"ix":4},"o":{"a":0,"k":100,"ix":5},"r":1,"bm":0,"nm":"Fill 1","mn":"ADBE Vector Graphic - Fill","hd":false},{"ty":"tr","p":{"a":0,"k":[9.714,6.917],"ix":2},"a":{"a":0,"k":[0,0],"ix":1},"s":{"a":0,"k":[100,100],"ix":3},"r":{"a":0,"k":0,"ix":6},"o":{"a":0,"k":100,"ix":7},"sk":{"a":0,"k":0,"ix":4},"sa":{"a":0,"k":0,"ix":5},"nm":"Transform"}],"nm":"Group 1","np":2,"cix":2,"bm":0,"ix":1,"mn":"ADBE Vector Group","hd":false}],"ip":0,"op":3926,"st":0,"bm":0},{"ddd":0,"ind":3,"ty":4,"nm":"Слой 15 Outlines","parent":4,"sr":1,"ks":{"o":{"a":0,"k":100,"ix":11},"r":{"a":0,"k":0,"ix":10},"p":{"a":0,"k":[17.865,17.835,0],"ix":2},"a":{"a":0,"k":[17.865,17.835,0],"ix":1},"s":{"a":1,"k":[{"i":{"x":[0.6,0.6,0.6],"y":[1,1,1]},"o":{"x":[0.4,0.4,0.4],"y":[0,0,0]},"t":0,"s":[87.5,87.5,100]},{"i":{"x":[0.6,0.6,0.6],"y":[1,1,1]},"o":{"x":[0.4,0.4,0.4],"y":[0,0,0]},"t":30,"s":[100,100,100]},{"t":60,"s":[87.5,87.5,100]}],"ix":6,"x":"var $bm_rt;\n$bm_rt = loopOut('cycle', 0);"}},"ao":0,"shapes":[{"ty":"gr","it":[{"ind":0,"ty":"sh","ix":1,"ks":{"a":0,"k":{"i":[[-8.462,0],[0,8.445],[8.462,0],[0,-8.445]],"o":[[8.462,0],[0,-8.445],[-8.462,0],[0,8.445]],"v":[[0,15.335],[15.365,0],[0,-15.335],[-15.365,0]],"c":true},"ix":2},"nm":"Path 1","mn":"ADBE Vector Shape - Group","hd":false},{"ty":"st","c":{"a":0,"k":[0.122000002394,0.141000007181,0.234999997008,1],"ix":3},"o":{"a":0,"k":100,"ix":4},"w":{"a":0,"k":1,"ix":5},"lc":1,"lj":1,"ml":10,"bm":0,"nm":"Stroke 1","mn":"ADBE Vector Graphic - Stroke","hd":false},{"ty":"tr","p":{"a":0,"k":[17.865,17.835],"ix":2},"a":{"a":0,"k":[0,0],"ix":1},"s":{"a":0,"k":[100,100],"ix":3},"r":{"a":0,"k":0,"ix":6},"o":{"a":0,"k":100,"ix":7},"sk":{"a":0,"k":0,"ix":4},"sa":{"a":0,"k":0,"ix":5},"nm":"Transform"}],"nm":"Group 1","np":2,"cix":2,"bm":0,"ix":1,"mn":"ADBE Vector Group","hd":false},{"ty":"gr","it":[{"ind":0,"ty":"sh","ix":1,"ks":{"a":0,"k":{"i":[[-8.462,0],[0,8.445],[8.462,0],[0,-8.445]],"o":[[8.462,0],[0,-8.445],[-8.462,0],[0,8.445]],"v":[[0,15.335],[15.365,0],[0,-15.335],[-15.365,0]],"c":true},"ix":2},"nm":"Path 1","mn":"ADBE Vector Shape - Group","hd":false},{"ty":"fl","c":{"a":0,"k":[0.081999999402,0.764999988032,0.603999956916,1],"ix":4},"o":{"a":0,"k":100,"ix":5},"r":1,"bm":0,"nm":"Fill 1","mn":"ADBE Vector Graphic - Fill","hd":false},{"ty":"tr","p":{"a":0,"k":[17.865,17.835],"ix":2},"a":{"a":0,"k":[0,0],"ix":1},"s":{"a":0,"k":[100,100],"ix":3},"r":{"a":0,"k":0,"ix":6},"o":{"a":0,"k":100,"ix":7},"sk":{"a":0,"k":0,"ix":4},"sa":{"a":0,"k":0,"ix":5},"nm":"Transform"}],"nm":"Group 2","np":2,"cix":2,"bm":0,"ix":2,"mn":"ADBE Vector Group","hd":false}],"ip":0,"op":94,"st":0,"bm":0},{"ddd":0,"ind":4,"ty":3,"nm":"Слой 15 Outlines 2","parent":6,"sr":1,"ks":{"o":{"a":0,"k":100,"ix":11},"r":{"a":0,"k":0.008,"ix":10},"p":{"a":0,"k":[78.822,51.686,0],"ix":2},"a":{"a":0,"k":[17.865,17.835,0],"ix":1},"s":{"a":1,"k":[{"i":{"x":[0.35,0.35,0.35],"y":[1,1,1]},"o":{"x":[0.65,0.65,0.65],"y":[0,0,0]},"t":24,"s":[0,0,100]},{"i":{"x":[0.35,0.35,0.35],"y":[1,1,1]},"o":{"x":[0.167,0.167,0.167],"y":[0,0,0]},"t":39,"s":[106.648,106.648,100]},{"i":{"x":[0.35,0.35,0.35],"y":[1,1,1]},"o":{"x":[0.65,0.65,0.65],"y":[0,0,0]},"t":79,"s":[106.648,106.648,100]},{"t":94,"s":[0,0,100]}],"ix":6}},"ao":0,"ip":3,"op":94,"st":0,"bm":0},{"ddd":0,"ind":5,"ty":4,"nm":"Слой 14 Outlines","parent":6,"sr":1,"ks":{"o":{"a":0,"k":100,"ix":11},"r":{"a":0,"k":0,"ix":10},"p":{"a":0,"k":[42.383,28.67,0],"ix":2},"a":{"a":0,"k":[26.883,13.279,0],"ix":1},"s":{"a":0,"k":[100,100,100],"ix":6}},"ao":0,"shapes":[{"ty":"gr","it":[{"ind":0,"ty":"sh","ix":1,"ks":{"a":0,"k":{"i":[[0,0],[0,0]],"o":[[0,0],[0,0]],"v":[[2.5,24.058],[24.656,24.058]],"c":false},"ix":2},"nm":"Path 1","mn":"ADBE Vector Shape - Group","hd":false},{"ty":"tm","s":{"a":1,"k":[{"i":{"x":[0.35],"y":[1]},"o":{"x":[0.65],"y":[0]},"t":86,"s":[0]},{"t":94,"s":[100]}],"ix":1},"e":{"a":1,"k":[{"i":{"x":[0.35],"y":[1]},"o":{"x":[0.65],"y":[0]},"t":3,"s":[0]},{"t":19,"s":[100]}],"ix":2},"o":{"a":0,"k":0,"ix":3},"m":1,"ix":2,"nm":"Trim Paths 1","mn":"ADBE Vector Filter - Trim","hd":false},{"ty":"st","c":{"a":0,"k":[0.122000002394,0.141000007181,0.234999997008,1],"ix":3},"o":{"a":0,"k":100,"ix":4},"w":{"a":0,"k":1,"ix":5},"lc":1,"lj":1,"ml":10,"bm":0,"nm":"Stroke 1","mn":"ADBE Vector Graphic - Stroke","hd":false},{"ty":"tr","p":{"a":0,"k":[0,0],"ix":2},"a":{"a":0,"k":[0,0],"ix":1},"s":{"a":0,"k":[100,100],"ix":3},"r":{"a":0,"k":0,"ix":6},"o":{"a":0,"k":100,"ix":7},"sk":{"a":0,"k":0,"ix":4},"sa":{"a":0,"k":0,"ix":5},"nm":"Transform"}],"nm":"Group 3","np":3,"cix":2,"bm":0,"ix":1,"mn":"ADBE Vector Group","hd":false},{"ty":"gr","it":[{"ind":0,"ty":"sh","ix":1,"ks":{"a":0,"k":{"i":[[0,0],[0,0]],"o":[[0,0],[0,0]],"v":[[2.5,13.278],[51.266,13.278]],"c":false},"ix":2},"nm":"Path 2","mn":"ADBE Vector Shape - Group","hd":false},{"ty":"st","c":{"a":0,"k":[0.122000002394,0.141000007181,0.234999997008,1],"ix":3},"o":{"a":0,"k":100,"ix":4},"w":{"a":0,"k":1,"ix":5},"lc":1,"lj":1,"ml":10,"bm":0,"nm":"Stroke 1","mn":"ADBE Vector Graphic - Stroke","hd":false},{"ty":"tm","s":{"a":1,"k":[{"i":{"x":[0.35],"y":[1]},"o":{"x":[0.65],"y":[0]},"t":84,"s":[0]},{"t":92,"s":[100]}],"ix":1},"e":{"a":1,"k":[{"i":{"x":[0.35],"y":[1]},"o":{"x":[0.65],"y":[0]},"t":8,"s":[0]},{"t":24,"s":[100]}],"ix":2},"o":{"a":0,"k":0,"ix":3},"m":1,"ix":3,"nm":"Trim Paths 1","mn":"ADBE Vector Filter - Trim","hd":false},{"ty":"tr","p":{"a":0,"k":[0,0],"ix":2},"a":{"a":0,"k":[0,0],"ix":1},"s":{"a":0,"k":[100,100],"ix":3},"r":{"a":0,"k":0,"ix":6},"o":{"a":0,"k":100,"ix":7},"sk":{"a":0,"k":0,"ix":4},"sa":{"a":0,"k":0,"ix":5},"nm":"Transform"}],"nm":"Group 2","np":3,"cix":2,"bm":0,"ix":2,"mn":"ADBE Vector Group","hd":false},{"ty":"gr","it":[{"ind":0,"ty":"sh","ix":1,"ks":{"a":0,"k":{"i":[[0,0],[0,0]],"o":[[0,0],[0,0]],"v":[[2.5,2.5],[51.266,2.5]],"c":false},"ix":2},"nm":"Path 3","mn":"ADBE Vector Shape - Group","hd":false},{"ty":"st","c":{"a":0,"k":[0.122000002394,0.141000007181,0.234999997008,1],"ix":3},"o":{"a":0,"k":100,"ix":4},"w":{"a":0,"k":1,"ix":5},"lc":1,"lj":1,"ml":10,"bm":0,"nm":"Stroke 1","mn":"ADBE Vector Graphic - Stroke","hd":false},{"ty":"tm","s":{"a":1,"k":[{"i":{"x":[0.35],"y":[1]},"o":{"x":[0.65],"y":[0]},"t":82,"s":[0]},{"t":90,"s":[100]}],"ix":1},"e":{"a":1,"k":[{"i":{"x":[0.35],"y":[1]},"o":{"x":[0.65],"y":[0]},"t":13,"s":[0]},{"t":29,"s":[100]}],"ix":2},"o":{"a":0,"k":0,"ix":3},"m":1,"ix":3,"nm":"Trim Paths 1","mn":"ADBE Vector Filter - Trim","hd":false},{"ty":"tr","p":{"a":0,"k":[0,0],"ix":2},"a":{"a":0,"k":[0,0],"ix":1},"s":{"a":0,"k":[100,100],"ix":3},"r":{"a":0,"k":0,"ix":6},"o":{"a":0,"k":100,"ix":7},"sk":{"a":0,"k":0,"ix":4},"sa":{"a":0,"k":0,"ix":5},"nm":"Transform"}],"nm":"Group 1","np":3,"cix":2,"bm":0,"ix":3,"mn":"ADBE Vector Group","hd":false}],"ip":3,"op":94,"st":0,"bm":0},{"ddd":0,"ind":6,"ty":4,"nm":"Слой 13 Outlines","sr":1,"ks":{"o":{"a":0,"k":100,"ix":11},"r":{"a":1,"k":[{"i":{"x":[0.833],"y":[0.833]},"o":{"x":[0.167],"y":[0.167]},"t":0,"s":[45]},{"i":{"x":[0.35],"y":[1]},"o":{"x":[0.167],"y":[0]},"t":6,"s":[0]},{"i":{"x":[0.35],"y":[1]},"o":{"x":[0.65],"y":[0]},"t":70,"s":[0]},{"i":{"x":[0.35],"y":[1]},"o":{"x":[0.65],"y":[0]},"t":80,"s":[-11.485]},{"t":94,"s":[15]}],"ix":10,"x":"var $bm_rt;\nvar amp, freq, decay, n, t, v;\ntry {\n    amp = $bm_div(effect('Rotation - Overshoot')('ADBE Slider Control-0001'), 2.5), freq = $bm_div(effect('Rotation - Bounce')('ADBE Slider Control-0001'), 20), decay = $bm_div(effect('Rotation - Friction')('ADBE Slider Control-0001'), 20), n = 0, 0 < numKeys && (n = nearestKey(time).index, key(n).time > time && n--), t = 0 === n ? 0 : $bm_sub(time, key(n).time), $bm_rt = 0 < n ? (v = velocityAtTime($bm_sub(key(n).time, $bm_div(thisComp.frameDuration, 10))), $bm_sum(value, $bm_div($bm_mul($bm_mul($bm_div(v, 100), amp), Math.sin($bm_mul($bm_mul($bm_mul(freq, t), 2), Math.PI))), Math.exp($bm_mul(decay, t))))) : value;\n} catch (e$$4) {\n    $bm_rt = value = value;\n}"},"p":{"a":0,"k":[446.999,267.563,0],"ix":2},"a":{"a":0,"k":[1,67.451,0],"ix":1},"s":{"a":1,"k":[{"i":{"x":[0.833,0.833,0.833],"y":[0.833,0.833,-15.667]},"o":{"x":[0.167,0.167,0.167],"y":[0.167,0.167,50]},"t":0,"s":[0,0,100]},{"i":{"x":[0.35,0.35,0.35],"y":[1,1,1]},"o":{"x":[0.167,0.167,0.167],"y":[0,0,0]},"t":6,"s":[300,300,100]},{"i":{"x":[0.35,0.35,0.35],"y":[1,1,1]},"o":{"x":[0.65,0.65,0.65],"y":[0,0,0]},"t":70,"s":[300,300,100]},{"i":{"x":[0.35,0.35,0.35],"y":[1,1,1]},"o":{"x":[0.65,0.65,0.65],"y":[0,0,0]},"t":80,"s":[300,300,100]},{"t":94,"s":[0,0,100]}],"ix":6,"x":"var $bm_rt;\nvar amp, freq, decay, n, t, v;\ntry {\n    amp = $bm_div(effect('Scale - Overshoot')('ADBE Slider Control-0001'), 2.5), freq = $bm_div(effect('Scale - Bounce')('ADBE Slider Control-0001'), 20), decay = $bm_div(effect('Scale - Friction')('ADBE Slider Control-0001'), 20), n = 0, 0 < numKeys && (n = nearestKey(time).index, key(n).time > time && n--), t = 0 === n ? 0 : $bm_sub(time, key(n).time), $bm_rt = 0 < n ? (v = velocityAtTime($bm_sub(key(n).time, $bm_div(thisComp.frameDuration, 10))), $bm_sum(value, $bm_div($bm_mul($bm_mul($bm_div(v, 100), amp), Math.sin($bm_mul($bm_mul($bm_mul(freq, t), 2), Math.PI))), Math.exp($bm_mul(decay, t))))) : value;\n} catch (e$$4) {\n    $bm_rt = value = value;\n}"}},"ao":0,"ef":[{"ty":5,"nm":"Scale - Overshoot","np":3,"mn":"ADBE Slider Control","ix":1,"en":1,"ef":[{"ty":0,"nm":"Slider","mn":"ADBE Slider Control-0001","ix":1,"v":{"a":0,"k":10,"ix":1,"x":"var $bm_rt;\n$bm_rt = clamp(value, 0, 100);"}}]},{"ty":5,"nm":"Scale - Bounce","np":3,"mn":"ADBE Slider Control","ix":2,"en":1,"ef":[{"ty":0,"nm":"Slider","mn":"ADBE Slider Control-0001","ix":1,"v":{"a":0,"k":40,"ix":1,"x":"var $bm_rt;\n$bm_rt = clamp(value, 0, 100);"}}]},{"ty":5,"nm":"Scale - Friction","np":3,"mn":"ADBE Slider Control","ix":3,"en":1,"ef":[{"ty":0,"nm":"Slider","mn":"ADBE Slider Control-0001","ix":1,"v":{"a":0,"k":80,"ix":1,"x":"var $bm_rt;\n$bm_rt = clamp(value, 0, 100);"}}]},{"ty":5,"nm":"Rotation - Overshoot","np":3,"mn":"ADBE Slider Control","ix":4,"en":1,"ef":[{"ty":0,"nm":"Slider","mn":"ADBE Slider Control-0001","ix":1,"v":{"a":0,"k":10,"ix":1,"x":"var $bm_rt;\n$bm_rt = clamp(value, 0, 100);"}}]},{"ty":5,"nm":"Rotation - Bounce","np":3,"mn":"ADBE Slider Control","ix":5,"en":1,"ef":[{"ty":0,"nm":"Slider","mn":"ADBE Slider Control-0001","ix":1,"v":{"a":0,"k":40,"ix":1,"x":"var $bm_rt;\n$bm_rt = clamp(value, 0, 100);"}}]},{"ty":5,"nm":"Rotation - Friction","np":3,"mn":"ADBE Slider Control","ix":6,"en":1,"ef":[{"ty":0,"nm":"Slider","mn":"ADBE Slider Control-0001","ix":1,"v":{"a":0,"k":80,"ix":1,"x":"var $bm_rt;\n$bm_rt = clamp(value, 0, 100);"}}]}],"shapes":[{"ty":"gr","it":[{"ind":0,"ty":"sh","ix":1,"ks":{"a":0,"k":{"i":[[0.558,0],[0,2.111],[0,0],[-5.01,0],[0,0],[0,-5],[0,0],[5.01,0],[0,0],[0.779,-0.889],[0,0]],"o":[[-1.67,0],[0,0],[0,-5],[0,0],[5.01,0],[0,0],[0,5],[0,0],[-1.224,0],[0,0],[-0.78,0.778]],"v":[[-37.911,33.225],[-41.251,29.893],[-41.251,-24.113],[-32.121,-33.225],[32.121,-33.225],[41.251,-24.113],[41.251,12.891],[32.121,22.003],[-23.66,22.003],[-26.777,23.335],[-35.683,32.225]],"c":true},"ix":2},"nm":"Path 1","mn":"ADBE Vector Shape - Group","hd":false},{"ty":"st","c":{"a":0,"k":[0.122000002394,0.141000007181,0.234999997008,1],"ix":3},"o":{"a":0,"k":100,"ix":4},"w":{"a":0,"k":1,"ix":5},"lc":1,"lj":1,"ml":4,"bm":0,"nm":"Stroke 1","mn":"ADBE Vector Graphic - Stroke","hd":false},{"ty":"tr","p":{"a":0,"k":[42.251,34.225],"ix":2},"a":{"a":0,"k":[0,0],"ix":1},"s":{"a":0,"k":[100,100],"ix":3},"r":{"a":0,"k":0,"ix":6},"o":{"a":0,"k":100,"ix":7},"sk":{"a":0,"k":0,"ix":4},"sa":{"a":0,"k":0,"ix":5},"nm":"Transform"}],"nm":"Group 1","np":2,"cix":2,"bm":0,"ix":1,"mn":"ADBE Vector Group","hd":false},{"ty":"gr","it":[{"ind":0,"ty":"sh","ix":1,"ks":{"a":0,"k":{"i":[[0.558,0],[0,2.111],[0,0],[-5.01,0],[0,0],[0,-5],[0,0],[5.01,0],[0,0],[0.779,-0.889],[0,0]],"o":[[-1.67,0],[0,0],[0,-5],[0,0],[5.01,0],[0,0],[0,5],[0,0],[-1.224,0],[0,0],[-0.78,0.778]],"v":[[-37.911,33.225],[-41.251,29.893],[-41.251,-24.113],[-32.121,-33.225],[32.121,-33.225],[41.251,-24.113],[41.251,12.891],[32.121,22.003],[-23.66,22.003],[-26.777,23.335],[-35.683,32.225]],"c":true},"ix":2},"nm":"Path 1","mn":"ADBE Vector Shape - Group","hd":false},{"ty":"fl","c":{"a":0,"k":[1,1,1,1],"ix":4},"o":{"a":0,"k":100,"ix":5},"r":1,"bm":0,"nm":"Fill 1","mn":"ADBE Vector Graphic - Fill","hd":false},{"ty":"tr","p":{"a":0,"k":[42.251,34.225],"ix":2},"a":{"a":0,"k":[0,0],"ix":1},"s":{"a":0,"k":[100,100],"ix":3},"r":{"a":0,"k":0,"ix":6},"o":{"a":0,"k":100,"ix":7},"sk":{"a":0,"k":0,"ix":4},"sa":{"a":0,"k":0,"ix":5},"nm":"Transform"}],"nm":"Group 2","np":2,"cix":2,"bm":0,"ix":2,"mn":"ADBE Vector Group","hd":false}],"ip":0,"op":94,"st":0,"bm":0},{"ddd":0,"ind":7,"ty":4,"nm":"Слой 12 Outlines","parent":6,"sr":1,"ks":{"o":{"a":1,"k":[{"i":{"x":[0.35],"y":[1]},"o":{"x":[0.65],"y":[0]},"t":0,"s":[0]},{"t":6,"s":[20]}],"ix":11},"r":{"a":0,"k":0,"ix":10},"p":{"a":0,"k":[34.876,41.669,0],"ix":2},"a":{"a":0,"k":[41.777,33.775,0],"ix":1},"s":{"a":0,"k":[100,100,100],"ix":6}},"ao":0,"shapes":[{"ty":"gr","it":[{"ind":0,"ty":"sh","ix":1,"ks":{"a":0,"k":{"i":[[0.557,0],[0,2.114],[0,0],[-5.014,0],[0,0],[0,-5.008],[0,0],[5.014,0],[0,0],[0.78,-0.891],[0,0]],"o":[[-1.672,0],[0,0],[0,-5.008],[0,0],[5.014,0],[0,0],[0,5.008],[0,0],[-1.226,0],[0,0],[-0.781,0.779]],"v":[[-37.934,33.275],[-41.277,29.937],[-41.277,-24.15],[-32.141,-33.275],[32.142,-33.275],[41.277,-24.15],[41.277,12.91],[32.142,22.035],[-23.674,22.035],[-26.794,23.371],[-35.706,32.274]],"c":true},"ix":2},"nm":"Path 1","mn":"ADBE Vector Shape - Group","hd":false},{"ty":"st","c":{"a":0,"k":[0.122000002394,0.141000007181,0.234999997008,1],"ix":3},"o":{"a":0,"k":100,"ix":4},"w":{"a":0,"k":1,"ix":5},"lc":1,"lj":1,"ml":4,"bm":0,"nm":"Stroke 1","mn":"ADBE Vector Graphic - Stroke","hd":false},{"ty":"tr","p":{"a":0,"k":[41.777,33.775],"ix":2},"a":{"a":0,"k":[0,0],"ix":1},"s":{"a":0,"k":[100,100],"ix":3},"r":{"a":0,"k":0,"ix":6},"o":{"a":0,"k":100,"ix":7},"sk":{"a":0,"k":0,"ix":4},"sa":{"a":0,"k":0,"ix":5},"nm":"Transform"}],"nm":"Group 1","np":2,"cix":2,"bm":0,"ix":1,"mn":"ADBE Vector Group","hd":false},{"ty":"gr","it":[{"ind":0,"ty":"sh","ix":1,"ks":{"a":0,"k":{"i":[[0.557,0],[0,2.114],[0,0],[-5.014,0],[0,0],[0,-5.008],[0,0],[5.014,0],[0,0],[0.78,-0.891],[0,0]],"o":[[-1.672,0],[0,0],[0,-5.008],[0,0],[5.014,0],[0,0],[0,5.008],[0,0],[-1.226,0],[0,0],[-0.781,0.779]],"v":[[-37.934,33.275],[-41.277,29.937],[-41.277,-24.15],[-32.141,-33.275],[32.142,-33.275],[41.277,-24.15],[41.277,12.91],[32.142,22.035],[-23.674,22.035],[-26.794,23.371],[-35.706,32.274]],"c":true},"ix":2},"nm":"Path 1","mn":"ADBE Vector Shape - Group","hd":false},{"ty":"fl","c":{"a":0,"k":[0.122000002394,0.141000007181,0.234999997008,1],"ix":4},"o":{"a":0,"k":100,"ix":5},"r":1,"bm":0,"nm":"Fill 1","mn":"ADBE Vector Graphic - Fill","hd":false},{"ty":"tr","p":{"a":0,"k":[41.777,33.775],"ix":2},"a":{"a":0,"k":[0,0],"ix":1},"s":{"a":0,"k":[100,100],"ix":3},"r":{"a":0,"k":0,"ix":6},"o":{"a":0,"k":100,"ix":7},"sk":{"a":0,"k":0,"ix":4},"sa":{"a":0,"k":0,"ix":5},"nm":"Transform"}],"nm":"Group 2","np":2,"cix":2,"bm":0,"ix":2,"mn":"ADBE Vector Group","hd":false}],"ip":0,"op":3926,"st":0,"bm":0},{"ddd":0,"ind":8,"ty":4,"nm":"Слой 11 Outlines","sr":1,"ks":{"o":{"a":0,"k":100,"ix":11},"r":{"a":0,"k":0,"ix":10},"p":{"a":0,"k":[224.758,166.451,0],"ix":2},"a":{"a":0,"k":[53.92,53.817,0],"ix":1},"s":{"a":0,"k":[300,300,100],"ix":6}},"ao":0,"shapes":[{"ty":"gr","it":[{"ind":0,"ty":"sh","ix":1,"ks":{"a":0,"k":{"i":[[-29.17,0],[0,0],[0,-29.17],[29.17,0],[0,0],[0,29.17]],"o":[[0,0],[29.17,0],[0,29.17],[0,0],[-29.17,0],[0,-29.17]],"v":[[-0.102,-52.817],[0.102,-52.817],[52.919,0],[0.102,52.817],[-0.102,52.817],[-52.919,0]],"c":true},"ix":2},"nm":"Path 1","mn":"ADBE Vector Shape - Group","hd":false},{"ty":"st","c":{"a":0,"k":[0.122000002394,0.141000007181,0.234999997008,1],"ix":3},"o":{"a":0,"k":100,"ix":4},"w":{"a":0,"k":1,"ix":5},"lc":1,"lj":1,"ml":4,"bm":0,"nm":"Stroke 1","mn":"ADBE Vector Graphic - Stroke","hd":false},{"ty":"tr","p":{"a":0,"k":[53.919,53.817],"ix":2},"a":{"a":0,"k":[0,0],"ix":1},"s":{"a":0,"k":[100,100],"ix":3},"r":{"a":0,"k":0,"ix":6},"o":{"a":0,"k":100,"ix":7},"sk":{"a":0,"k":0,"ix":4},"sa":{"a":0,"k":0,"ix":5},"nm":"Transform"}],"nm":"Group 1","np":2,"cix":2,"bm":0,"ix":1,"mn":"ADBE Vector Group","hd":false}],"ip":0,"op":3926,"st":0,"bm":0},{"ddd":0,"ind":9,"ty":4,"nm":"hair 2","parent":14,"sr":1,"ks":{"o":{"a":0,"k":100,"ix":11},"r":{"a":0,"k":0,"ix":10,"x":"var $bm_rt;\n$bm_rt = $bm_mul(thisComp.layer('face').transform.rotation, 1);"},"p":{"a":0,"k":[18.624,39.916,0],"ix":2},"a":{"a":0,"k":[25.422,34.238,0],"ix":1},"s":{"a":0,"k":[100,100,100],"ix":6}},"ao":0,"shapes":[{"ty":"gr","it":[{"ind":0,"ty":"sh","ix":1,"ks":{"a":0,"k":{"i":[[-4.697,0],[0,-4.688],[4.697,0],[0,4.688]],"o":[[4.697,0],[0,4.688],[-4.697,0],[0,-4.688]],"v":[[0,-8.488],[8.505,0],[0,8.488],[-8.505,0]],"c":true},"ix":2},"nm":"Path 1","mn":"ADBE Vector Shape - Group","hd":false},{"ty":"st","c":{"a":0,"k":[0.122000002394,0.141000007181,0.234999997008,1],"ix":3},"o":{"a":0,"k":100,"ix":4},"w":{"a":0,"k":1,"ix":5},"lc":1,"lj":1,"ml":4,"bm":0,"nm":"Stroke 1","mn":"ADBE Vector Graphic - Stroke","hd":false},{"ty":"tr","p":{"a":0,"k":[9.505,9.488],"ix":2},"a":{"a":0,"k":[0,0],"ix":1},"s":{"a":0,"k":[100,100],"ix":3},"r":{"a":0,"k":0,"ix":6},"o":{"a":0,"k":100,"ix":7},"sk":{"a":0,"k":0,"ix":4},"sa":{"a":0,"k":0,"ix":5},"nm":"Transform"}],"nm":"Group 1","np":2,"cix":2,"bm":0,"ix":1,"mn":"ADBE Vector Group","hd":false},{"ty":"gr","it":[{"ind":0,"ty":"sh","ix":1,"ks":{"a":0,"k":{"i":[[-4.697,0],[0,-4.688],[4.697,0],[0,4.688]],"o":[[4.697,0],[0,4.688],[-4.697,0],[0,-4.688]],"v":[[0,-8.488],[8.505,0],[0,8.488],[-8.505,0]],"c":true},"ix":2},"nm":"Path 1","mn":"ADBE Vector Shape - Group","hd":false},{"ty":"fl","c":{"a":0,"k":[0.067000003889,0.651000019148,0.513999968884,1],"ix":4},"o":{"a":0,"k":100,"ix":5},"r":1,"bm":0,"nm":"Fill 1","mn":"ADBE Vector Graphic - Fill","hd":false},{"ty":"tr","p":{"a":0,"k":[9.505,9.488],"ix":2},"a":{"a":0,"k":[0,0],"ix":1},"s":{"a":0,"k":[100,100],"ix":3},"r":{"a":0,"k":0,"ix":6},"o":{"a":0,"k":100,"ix":7},"sk":{"a":0,"k":0,"ix":4},"sa":{"a":0,"k":0,"ix":5},"nm":"Transform"}],"nm":"Group 2","np":2,"cix":2,"bm":0,"ix":2,"mn":"ADBE Vector Group","hd":false}],"ip":0,"op":3926,"st":0,"bm":0},{"ddd":0,"ind":10,"ty":4,"nm":"Слой 3 Outlines 2","td":1,"sr":1,"ks":{"o":{"a":0,"k":100,"ix":11},"r":{"a":0,"k":0,"ix":10},"p":{"a":0,"k":[224.758,166.451,0],"ix":2},"a":{"a":0,"k":[53.17,53.067,0],"ix":1},"s":{"a":0,"k":[300,300,100],"ix":6}},"ao":0,"shapes":[{"ty":"gr","it":[{"ind":0,"ty":"sh","ix":1,"ks":{"a":0,"k":{"i":[[-29.17,0],[0,0],[0,-29.17],[29.17,0],[0,0],[0,29.17]],"o":[[0,0],[29.17,0],[0,29.17],[0,0],[-29.17,0],[0,-29.17]],"v":[[-0.102,-52.817],[0.102,-52.817],[52.919,0],[0.102,52.817],[-0.102,52.817],[-52.919,0]],"c":true},"ix":2},"nm":"Path 1","mn":"ADBE Vector Shape - Group","hd":false},{"ty":"fl","c":{"a":0,"k":[0.898000021542,0.941000007181,0.779999976065,1],"ix":4},"o":{"a":0,"k":100,"ix":5},"r":1,"bm":0,"nm":"Fill 1","mn":"ADBE Vector Graphic - Fill","hd":false},{"ty":"tr","p":{"a":0,"k":[53.169,53.067],"ix":2},"a":{"a":0,"k":[0,0],"ix":1},"s":{"a":0,"k":[100,100],"ix":3},"r":{"a":0,"k":0,"ix":6},"o":{"a":0,"k":100,"ix":7},"sk":{"a":0,"k":0,"ix":4},"sa":{"a":0,"k":0,"ix":5},"nm":"Transform"}],"nm":"Group 1","np":2,"cix":2,"bm":0,"ix":1,"mn":"ADBE Vector Group","hd":false}],"ip":0,"op":3926,"st":0,"bm":0},{"ddd":0,"ind":11,"ty":4,"nm":"body","tt":1,"sr":1,"ks":{"o":{"a":0,"k":100,"ix":11},"r":{"a":1,"k":[{"i":{"x":[0.45],"y":[1]},"o":{"x":[0.55],"y":[0]},"t":0,"s":[0]},{"i":{"x":[0.45],"y":[1]},"o":{"x":[0.55],"y":[0]},"t":20,"s":[2.472]},{"i":{"x":[0.45],"y":[1]},"o":{"x":[0.55],"y":[0]},"t":40,"s":[2.472]},{"i":{"x":[0.45],"y":[1]},"o":{"x":[0.55],"y":[0]},"t":70,"s":[-1.759]},{"i":{"x":[0.45],"y":[1]},"o":{"x":[0.55],"y":[0]},"t":95,"s":[-1.759]},{"i":{"x":[0.45],"y":[1]},"o":{"x":[0.55],"y":[0]},"t":110,"s":[0.395]},{"i":{"x":[0.45],"y":[1]},"o":{"x":[0.55],"y":[0]},"t":135,"s":[0.395]},{"t":150,"s":[0]}],"ix":10},"p":{"a":0,"k":[223.342,324.902,0],"ix":2},"a":{"a":0,"k":[37.382,43.443,0],"ix":1},"s":{"a":0,"k":[300,300,100],"ix":6}},"ao":0,"shapes":[{"ty":"gr","it":[{"ind":0,"ty":"sh","ix":1,"ks":{"a":0,"k":{"i":[[0,0],[0,0]],"o":[[0,0],[0,0]],"v":[[17.719,-9.668],[19.136,9.668]],"c":false},"ix":2},"nm":"Path 1","mn":"ADBE Vector Shape - Group","hd":false},{"ind":1,"ty":"sh","ix":2,"ks":{"a":0,"k":{"i":[[0,0],[0,0]],"o":[[0,0],[0,0]],"v":[[-17.719,-9.668],[-19.136,9.668]],"c":false},"ix":2},"nm":"Path 2","mn":"ADBE Vector Shape - Group","hd":false},{"ty":"st","c":{"a":0,"k":[0.122000002394,0.141000007181,0.234999997008,1],"ix":3},"o":{"a":0,"k":100,"ix":4},"w":{"a":0,"k":1,"ix":5},"lc":1,"lj":1,"ml":4,"bm":0,"nm":"Stroke 1","mn":"ADBE Vector Graphic - Stroke","hd":false},{"ty":"tr","p":{"a":0,"k":[45.651,33.775],"ix":2},"a":{"a":0,"k":[0,0],"ix":1},"s":{"a":0,"k":[100,100],"ix":3},"r":{"a":0,"k":0,"ix":6},"o":{"a":0,"k":100,"ix":7},"sk":{"a":0,"k":0,"ix":4},"sa":{"a":0,"k":0,"ix":5},"nm":"Transform"}],"nm":"Group 1","np":3,"cix":2,"bm":0,"ix":1,"mn":"ADBE Vector Group","hd":false},{"ty":"gr","it":[{"ind":0,"ty":"sh","ix":1,"ks":{"a":0,"k":{"i":[[0,0],[-10.022,0],[0,0],[-1.327,-9.934],[0,0],[0,0]],"o":[[1.327,-9.934],[0,0],[10.022,0],[0,0],[0,0],[0,0]],"v":[[-33.031,-3.87],[-13.206,-21.221],[13.206,-21.221],[33.031,-3.87],[36.383,21.221],[-36.383,21.221]],"c":true},"ix":2},"nm":"Path 1","mn":"ADBE Vector Shape - Group","hd":false},{"ty":"st","c":{"a":0,"k":[0.122000002394,0.141000007181,0.234999997008,1],"ix":3},"o":{"a":0,"k":100,"ix":4},"w":{"a":0,"k":1,"ix":5},"lc":1,"lj":1,"ml":4,"bm":0,"nm":"Stroke 1","mn":"ADBE Vector Graphic - Stroke","hd":false},{"ty":"tr","p":{"a":0,"k":[37.382,22.222],"ix":2},"a":{"a":0,"k":[0,0],"ix":1},"s":{"a":0,"k":[100,100],"ix":3},"r":{"a":0,"k":0,"ix":6},"o":{"a":0,"k":100,"ix":7},"sk":{"a":0,"k":0,"ix":4},"sa":{"a":0,"k":0,"ix":5},"nm":"Transform"}],"nm":"Group 2","np":2,"cix":2,"bm":0,"ix":2,"mn":"ADBE Vector Group","hd":false},{"ty":"gr","it":[{"ind":0,"ty":"sh","ix":1,"ks":{"a":0,"k":{"i":[[0,0],[-10.022,0],[0,0],[-1.327,-9.934],[0,0],[0,0]],"o":[[1.327,-9.934],[0,0],[10.022,0],[0,0],[0,0],[0,0]],"v":[[-33.031,-3.87],[-13.206,-21.221],[13.206,-21.221],[33.031,-3.87],[36.383,21.221],[-36.383,21.221]],"c":true},"ix":2},"nm":"Path 1","mn":"ADBE Vector Shape - Group","hd":false},{"ty":"fl","c":{"a":0,"k":[0.948999980852,0.54900004069,0.54900004069,1],"ix":4},"o":{"a":0,"k":100,"ix":5},"r":1,"bm":0,"nm":"Fill 1","mn":"ADBE Vector Graphic - Fill","hd":false},{"ty":"tr","p":{"a":0,"k":[37.382,22.222],"ix":2},"a":{"a":0,"k":[0,0],"ix":1},"s":{"a":0,"k":[100,100],"ix":3},"r":{"a":0,"k":0,"ix":6},"o":{"a":0,"k":100,"ix":7},"sk":{"a":0,"k":0,"ix":4},"sa":{"a":0,"k":0,"ix":5},"nm":"Transform"}],"nm":"Group 3","np":2,"cix":2,"bm":0,"ix":3,"mn":"ADBE Vector Group","hd":false}],"ip":0,"op":3926,"st":0,"bm":0},{"ddd":0,"ind":12,"ty":4,"nm":"Слой 8 Outlines","parent":15,"sr":1,"ks":{"o":{"a":0,"k":100,"ix":11},"r":{"a":0,"k":0,"ix":10},"p":{"a":0,"k":[10.766,23.106,0],"ix":2},"a":{"a":0,"k":[5.034,5.802,0],"ix":1},"s":{"a":0,"k":[100,100,100],"ix":6}},"ao":0,"shapes":[{"ty":"gr","it":[{"ind":0,"ty":"sh","ix":1,"ks":{"a":0,"k":{"i":[[0,0],[0.779,-0.071],[0.283,2.543],[0,0],[-1.91,0.212],[-0.213,-1.907]],"o":[[0.142,1.413],[-2.547,0.282],[0,0],[-0.213,-1.907],[1.911,-0.212],[0,0]],"v":[[3.892,2.189],[1.486,4.521],[-3.68,0.424],[-3.821,-0.707],[-0.708,-4.591],[3.185,-1.484]],"c":false},"ix":2},"nm":"Path 1","mn":"ADBE Vector Shape - Group","hd":false},{"ty":"st","c":{"a":0,"k":[0.122000002394,0.141000007181,0.234999997008,1],"ix":3},"o":{"a":0,"k":100,"ix":4},"w":{"a":0,"k":1,"ix":5},"lc":1,"lj":1,"ml":4,"bm":0,"nm":"Stroke 1","mn":"ADBE Vector Graphic - Stroke","hd":false},{"ty":"tr","p":{"a":0,"k":[5.034,5.803],"ix":2},"a":{"a":0,"k":[0,0],"ix":1},"s":{"a":0,"k":[100,100],"ix":3},"r":{"a":0,"k":0,"ix":6},"o":{"a":0,"k":100,"ix":7},"sk":{"a":0,"k":0,"ix":4},"sa":{"a":0,"k":0,"ix":5},"nm":"Transform"}],"nm":"Group 1","np":2,"cix":2,"bm":0,"ix":1,"mn":"ADBE Vector Group","hd":false},{"ty":"gr","it":[{"ind":0,"ty":"sh","ix":1,"ks":{"a":0,"k":{"i":[[0,0],[0.779,-0.071],[0.283,2.543],[0,0],[-1.91,0.212],[-0.213,-1.907]],"o":[[0.142,1.413],[-2.547,0.282],[0,0],[-0.213,-1.907],[1.911,-0.212],[0,0]],"v":[[3.892,2.189],[1.486,4.521],[-3.68,0.424],[-3.821,-0.707],[-0.708,-4.591],[3.185,-1.484]],"c":false},"ix":2},"nm":"Path 1","mn":"ADBE Vector Shape - Group","hd":false},{"ty":"fl","c":{"a":0,"k":[0.532999973671,0.694000004787,0.877999997606,1],"ix":4},"o":{"a":0,"k":100,"ix":5},"r":1,"bm":0,"nm":"Fill 1","mn":"ADBE Vector Graphic - Fill","hd":false},{"ty":"tr","p":{"a":0,"k":[5.034,5.803],"ix":2},"a":{"a":0,"k":[0,0],"ix":1},"s":{"a":0,"k":[100,100],"ix":3},"r":{"a":0,"k":0,"ix":6},"o":{"a":0,"k":100,"ix":7},"sk":{"a":0,"k":0,"ix":4},"sa":{"a":0,"k":0,"ix":5},"nm":"Transform"}],"nm":"Group 2","np":2,"cix":2,"bm":0,"ix":2,"mn":"ADBE Vector Group","hd":false}],"ip":0,"op":3926,"st":0,"bm":0},{"ddd":0,"ind":13,"ty":4,"nm":"Слой 7 Outlines","parent":15,"sr":1,"ks":{"o":{"a":0,"k":100,"ix":11},"r":{"a":0,"k":0,"ix":10,"x":"var $bm_rt;\n$bm_rt = $bm_mul(thisComp.layer('face').transform.rotation, 0.7);"},"p":{"a":0,"k":[19.273,22.913,0],"ix":2},"a":{"a":0,"k":[-9.742,5.043,0],"ix":1},"s":{"a":0,"k":[100,100,100],"ix":6}},"ao":0,"shapes":[{"ty":"gr","it":[{"ind":0,"ty":"sh","ix":1,"ks":{"a":0,"k":{"i":[[0,0],[0,0],[4.529,0.706]],"o":[[0,0],[1.628,1.907],[0,0]],"v":[[-2.3,-4.626],[0.672,-1.095],[-2.3,3.92]],"c":false},"ix":2},"nm":"Path 1","mn":"ADBE Vector Shape - Group","hd":false},{"ty":"st","c":{"a":0,"k":[0.122000002394,0.141000007181,0.234999997008,1],"ix":3},"o":{"a":0,"k":100,"ix":4},"w":{"a":0,"k":1,"ix":5},"lc":1,"lj":1,"ml":4,"bm":0,"nm":"Stroke 1","mn":"ADBE Vector Graphic - Stroke","hd":false},{"ty":"tr","p":{"a":0,"k":[3.3,5.626],"ix":2},"a":{"a":0,"k":[0,0],"ix":1},"s":{"a":0,"k":[100,100],"ix":3},"r":{"a":0,"k":0,"ix":6},"o":{"a":0,"k":100,"ix":7},"sk":{"a":0,"k":0,"ix":4},"sa":{"a":0,"k":0,"ix":5},"nm":"Transform"}],"nm":"Group 1","np":2,"cix":2,"bm":0,"ix":1,"mn":"ADBE Vector Group","hd":false},{"ty":"gr","it":[{"ind":0,"ty":"sh","ix":1,"ks":{"a":0,"k":{"i":[[0,0],[0,0],[4.529,0.706]],"o":[[0,0],[1.628,1.907],[0,0]],"v":[[-2.3,-4.626],[0.672,-1.095],[-2.3,3.92]],"c":false},"ix":2},"nm":"Path 1","mn":"ADBE Vector Shape - Group","hd":false},{"ty":"fl","c":{"a":0,"k":[0.532999973671,0.694000004787,0.877999997606,1],"ix":4},"o":{"a":0,"k":100,"ix":5},"r":1,"bm":0,"nm":"Fill 1","mn":"ADBE Vector Graphic - Fill","hd":false},{"ty":"tr","p":{"a":0,"k":[3.3,5.626],"ix":2},"a":{"a":0,"k":[0,0],"ix":1},"s":{"a":0,"k":[100,100],"ix":3},"r":{"a":0,"k":0,"ix":6},"o":{"a":0,"k":100,"ix":7},"sk":{"a":0,"k":0,"ix":4},"sa":{"a":0,"k":0,"ix":5},"nm":"Transform"}],"nm":"Group 2","np":2,"cix":2,"bm":0,"ix":2,"mn":"ADBE Vector Group","hd":false}],"ip":0,"op":3926,"st":0,"bm":0},{"ddd":0,"ind":14,"ty":4,"nm":"hair","parent":15,"sr":1,"ks":{"o":{"a":0,"k":100,"ix":11},"r":{"a":0,"k":0,"ix":10,"x":"var $bm_rt;\n$bm_rt = $bm_mul(thisComp.layer('face').transform.rotation, -0.3);"},"p":{"a":0,"k":[13.383,18.851,0],"ix":2},"a":{"a":0,"k":[19.345,23.529,0],"ix":1},"s":{"a":0,"k":[100,100,100],"ix":6}},"ao":0,"shapes":[{"ty":"gr","it":[{"ind":0,"ty":"sh","ix":1,"ks":{"a":0,"k":{"i":[[0,0],[-0.882,5.282],[5.821,1.055],[-0.177,-10.211],[0,0],[0,0],[0,0],[0,0]],"o":[[10.161,2.536],[-3.175,-4.226],[-15.462,-2.805],[0,0],[0,0],[0,0],[0,0],[0,0]],"v":[[-0.176,0.873],[18.346,-11.802],[4.057,-19.724],[-18.169,-1.767],[-18.201,22.067],[-1.267,22.067],[-4.41,6.684],[-0.176,0.874]],"c":true},"ix":2},"nm":"Path 1","mn":"ADBE Vector Shape - Group","hd":false},{"ty":"st","c":{"a":0,"k":[0,0,0,1],"ix":3},"o":{"a":0,"k":100,"ix":4},"w":{"a":0,"k":1,"ix":5},"lc":1,"lj":1,"ml":4,"bm":0,"nm":"Stroke 1","mn":"ADBE Vector Graphic - Stroke","hd":false},{"ty":"tr","p":{"a":0,"k":[19.345,23.529],"ix":2},"a":{"a":0,"k":[0,0],"ix":1},"s":{"a":0,"k":[100,100],"ix":3},"r":{"a":0,"k":0,"ix":6},"o":{"a":0,"k":100,"ix":7},"sk":{"a":0,"k":0,"ix":4},"sa":{"a":0,"k":0,"ix":5},"nm":"Transform"}],"nm":"Group 1","np":2,"cix":2,"bm":0,"ix":1,"mn":"ADBE Vector Group","hd":false},{"ty":"gr","it":[{"ind":0,"ty":"sh","ix":1,"ks":{"a":0,"k":{"i":[[0,0],[-0.882,5.282],[5.821,1.055],[-0.177,-10.211],[0,0],[0,0],[0,0],[0,0]],"o":[[10.161,2.536],[-3.175,-4.226],[-15.462,-2.805],[0,0],[0,0],[0,0],[0,0],[0,0]],"v":[[-0.176,0.873],[18.346,-11.802],[4.058,-19.724],[-18.169,-1.767],[-18.169,22.529],[-1.235,22.529],[-4.41,6.684],[-0.176,0.874]],"c":true},"ix":2},"nm":"Path 1","mn":"ADBE Vector Shape - Group","hd":false},{"ty":"fl","c":{"a":0,"k":[0.067000003889,0.651000019148,0.513999968884,1],"ix":4},"o":{"a":0,"k":100,"ix":5},"r":1,"bm":0,"nm":"Fill 1","mn":"ADBE Vector Graphic - Fill","hd":false},{"ty":"tr","p":{"a":0,"k":[19.345,23.529],"ix":2},"a":{"a":0,"k":[0,0],"ix":1},"s":{"a":0,"k":[100,100],"ix":3},"r":{"a":0,"k":0,"ix":6},"o":{"a":0,"k":100,"ix":7},"sk":{"a":0,"k":0,"ix":4},"sa":{"a":0,"k":0,"ix":5},"nm":"Transform"}],"nm":"Group 2","np":2,"cix":2,"bm":0,"ix":2,"mn":"ADBE Vector Group","hd":false}],"ip":0,"op":3926,"st":0,"bm":0},{"ddd":0,"ind":15,"ty":4,"nm":"face","parent":16,"sr":1,"ks":{"o":{"a":0,"k":100,"ix":11},"r":{"a":1,"k":[{"i":{"x":[0.45],"y":[1]},"o":{"x":[0.55],"y":[0]},"t":-147,"s":[0]},{"i":{"x":[0.45],"y":[1]},"o":{"x":[0.55],"y":[0]},"t":-127,"s":[4.002]},{"i":{"x":[0.45],"y":[1]},"o":{"x":[0.55],"y":[0]},"t":-107,"s":[4.002]},{"i":{"x":[0.45],"y":[1]},"o":{"x":[0.55],"y":[0]},"t":-77,"s":[0.205]},{"i":{"x":[0.45],"y":[1]},"o":{"x":[0.55],"y":[0]},"t":-52,"s":[0.205]},{"i":{"x":[0.45],"y":[1]},"o":{"x":[0.55],"y":[0]},"t":-37,"s":[2.05]},{"i":{"x":[0.45],"y":[1]},"o":{"x":[0.55],"y":[0]},"t":-12,"s":[2.05]},{"t":3,"s":[0]}],"ix":10,"x":"var $bm_rt;\n$bm_rt = loopOut('cycle', 0);"},"p":{"a":0,"k":[6.912,1.491,0],"ix":2},"a":{"a":0,"k":[11.955,34.968,0],"ix":1},"s":{"a":0,"k":[100,100,100],"ix":6}},"ao":0,"shapes":[{"ty":"gr","it":[{"ind":0,"ty":"sh","ix":1,"ks":{"a":0,"k":{"i":[[0.283,2.472],[0,0],[1.406,2.009],[0,0],[2.194,-0.07],[0.778,0.847],[0,0],[0.071,0],[-0.85,-0.848],[-2.957,-0.908],[-2.123,0.212],[-0.141,0],[0,0]],"o":[[0,0],[-0.266,-2.439],[0,0],[0.071,2.19],[-1.203,0.071],[0,0],[0,0],[0.708,0.988],[2.258,2.113],[3.256,1.06],[0.142,0],[3.963,-0.636],[1.627,-1.695]],"v":[[15.923,10.171],[14.225,-5.721],[11.677,-12.501],[-1.273,-19.635],[-6.368,-18.858],[-11.252,-13.984],[-16.206,4.662],[-10.757,11.16],[-8.421,13.844],[-0.495,18.434],[7.502,19.423],[7.997,19.353],[13.659,16.669]],"c":true},"ix":2},"nm":"Path 1","mn":"ADBE Vector Shape - Group","hd":false},{"ty":"st","c":{"a":0,"k":[0.122000002394,0.141000007181,0.234999997008,1],"ix":3},"o":{"a":0,"k":100,"ix":4},"w":{"a":0,"k":1,"ix":5},"lc":1,"lj":1,"ml":4,"bm":0,"nm":"Stroke 1","mn":"ADBE Vector Graphic - Stroke","hd":false},{"ty":"tr","p":{"a":0,"k":[17.205,20.635],"ix":2},"a":{"a":0,"k":[0,0],"ix":1},"s":{"a":0,"k":[100,100],"ix":3},"r":{"a":0,"k":0,"ix":6},"o":{"a":0,"k":100,"ix":7},"sk":{"a":0,"k":0,"ix":4},"sa":{"a":0,"k":0,"ix":5},"nm":"Transform"}],"nm":"Group 1","np":2,"cix":2,"bm":0,"ix":1,"mn":"ADBE Vector Group","hd":false},{"ty":"gr","it":[{"ind":0,"ty":"sh","ix":1,"ks":{"a":0,"k":{"i":[[0.283,2.472],[0,0],[1.406,2.009],[0,0],[2.194,-0.07],[0.778,0.847],[0,0],[0.071,0],[-0.85,-0.848],[-2.957,-0.908],[-2.123,0.212],[-0.141,0],[0,0]],"o":[[0,0],[-0.266,-2.439],[0,0],[0.071,2.19],[-1.203,0.071],[0,0],[0,0],[0.708,0.988],[2.258,2.113],[3.256,1.06],[0.142,0],[3.963,-0.636],[1.627,-1.695]],"v":[[15.923,10.171],[14.225,-5.721],[11.677,-12.501],[-1.273,-19.635],[-6.368,-18.858],[-11.252,-13.984],[-16.206,4.662],[-10.757,11.16],[-8.421,13.844],[-0.495,18.434],[7.502,19.423],[7.997,19.353],[13.659,16.669]],"c":true},"ix":2},"nm":"Path 1","mn":"ADBE Vector Shape - Group","hd":false},{"ty":"fl","c":{"a":0,"k":[0.532999973671,0.694000004787,0.877999997606,1],"ix":4},"o":{"a":0,"k":100,"ix":5},"r":1,"bm":0,"nm":"Fill 1","mn":"ADBE Vector Graphic - Fill","hd":false},{"ty":"tr","p":{"a":0,"k":[17.205,20.635],"ix":2},"a":{"a":0,"k":[0,0],"ix":1},"s":{"a":0,"k":[100,100],"ix":3},"r":{"a":0,"k":0,"ix":6},"o":{"a":0,"k":100,"ix":7},"sk":{"a":0,"k":0,"ix":4},"sa":{"a":0,"k":0,"ix":5},"nm":"Transform"}],"nm":"Group 2","np":2,"cix":2,"bm":0,"ix":2,"mn":"ADBE Vector Group","hd":false}],"ip":0,"op":3926,"st":0,"bm":0},{"ddd":0,"ind":16,"ty":4,"nm":"neck","parent":11,"sr":1,"ks":{"o":{"a":0,"k":100,"ix":11},"r":{"a":1,"k":[{"i":{"x":[0.45],"y":[1]},"o":{"x":[0.55],"y":[0]},"t":0,"s":[0]},{"i":{"x":[0.45],"y":[1]},"o":{"x":[0.55],"y":[0]},"t":20,"s":[2.794]},{"i":{"x":[0.45],"y":[1]},"o":{"x":[0.55],"y":[0]},"t":40,"s":[2.794]},{"i":{"x":[0.45],"y":[1]},"o":{"x":[0.55],"y":[0]},"t":70,"s":[-1.821]},{"i":{"x":[0.45],"y":[1]},"o":{"x":[0.55],"y":[0]},"t":95,"s":[-1.821]},{"i":{"x":[0.45],"y":[1]},"o":{"x":[0.55],"y":[0]},"t":110,"s":[0.166]},{"i":{"x":[0.45],"y":[1]},"o":{"x":[0.55],"y":[0]},"t":135,"s":[0.166]},{"t":150,"s":[0]}],"ix":10},"p":{"a":0,"k":[36.885,4.409,0],"ix":2},"a":{"a":0,"k":[10.898,18.516,0],"ix":1},"s":{"a":0,"k":[100,100,100],"ix":6}},"ao":0,"shapes":[{"ty":"gr","it":[{"ind":0,"ty":"sh","ix":1,"ks":{"a":0,"k":{"i":[[0,0],[0.213,0],[3.326,1.059],[2.264,2.048],[0,0],[-7.181,0]],"o":[[-0.142,0],[-2.052,0.212],[-2.973,-0.918],[0,0],[7.524,-1.185],[0,0]],"v":[[9.261,-3.249],[8.765,-3.178],[0.769,-4.167],[-7.157,-8.758],[-9.898,8.758],[9.898,8.758]],"c":true},"ix":2},"nm":"Path 1","mn":"ADBE Vector Shape - Group","hd":false},{"ty":"st","c":{"a":0,"k":[0.122000002394,0.141000007181,0.234999997008,1],"ix":3},"o":{"a":0,"k":100,"ix":4},"w":{"a":0,"k":1,"ix":5},"lc":1,"lj":1,"ml":4,"bm":0,"nm":"Stroke 1","mn":"ADBE Vector Graphic - Stroke","hd":false},{"ty":"tr","p":{"a":0,"k":[10.898,9.758],"ix":2},"a":{"a":0,"k":[0,0],"ix":1},"s":{"a":0,"k":[100,100],"ix":3},"r":{"a":0,"k":0,"ix":6},"o":{"a":0,"k":100,"ix":7},"sk":{"a":0,"k":0,"ix":4},"sa":{"a":0,"k":0,"ix":5},"nm":"Transform"}],"nm":"Group 1","np":2,"cix":2,"bm":0,"ix":1,"mn":"ADBE Vector Group","hd":false},{"ty":"gr","it":[{"ind":0,"ty":"sh","ix":1,"ks":{"a":0,"k":{"i":[[0,0],[0.213,0],[3.326,1.059],[2.264,2.048],[0,0],[-7.181,0]],"o":[[-0.142,0],[-2.052,0.212],[-2.973,-0.918],[0,0],[7.524,-1.185],[0,0]],"v":[[9.261,-3.249],[8.765,-3.178],[0.769,-4.167],[-7.157,-8.758],[-9.898,8.758],[9.898,8.758]],"c":true},"ix":2},"nm":"Path 1","mn":"ADBE Vector Shape - Group","hd":false},{"ty":"fl","c":{"a":0,"k":[0.532999973671,0.694000004787,0.877999997606,1],"ix":4},"o":{"a":0,"k":100,"ix":5},"r":1,"bm":0,"nm":"Fill 1","mn":"ADBE Vector Graphic - Fill","hd":false},{"ty":"tr","p":{"a":0,"k":[10.898,9.758],"ix":2},"a":{"a":0,"k":[0,0],"ix":1},"s":{"a":0,"k":[100,100],"ix":3},"r":{"a":0,"k":0,"ix":6},"o":{"a":0,"k":100,"ix":7},"sk":{"a":0,"k":0,"ix":4},"sa":{"a":0,"k":0,"ix":5},"nm":"Transform"}],"nm":"Group 2","np":2,"cix":2,"bm":0,"ix":2,"mn":"ADBE Vector Group","hd":false}],"ip":0,"op":3926,"st":0,"bm":0},{"ddd":0,"ind":17,"ty":4,"nm":"Слой 23 Outlines","sr":1,"ks":{"o":{"a":0,"k":100,"ix":11},"r":{"a":0,"k":0,"ix":10},"p":{"a":0,"k":[586.73,489.689,0],"ix":2},"a":{"a":0,"k":[53.92,56.986,0],"ix":1},"s":{"a":0,"k":[300,300,100],"ix":6}},"ao":0,"shapes":[{"ty":"gr","it":[{"ind":0,"ty":"sh","ix":1,"ks":{"a":0,"k":{"i":[[0,0],[-27.614,0],[0,0],[0,-27.614],[0,0],[5.522,0],[0,0],[0,5.523]],"o":[[0,-27.614],[0,0],[27.615,0],[0,0],[0,5.523],[0,0],[-5.523,0],[0,0]],"v":[[-52.919,-5.986],[-2.919,-55.986],[2.919,-55.986],[52.919,-5.986],[52.919,45.986],[42.919,55.986],[-42.919,55.986],[-52.919,45.986]],"c":true},"ix":2},"nm":"Path 1","mn":"ADBE Vector Shape - Group","hd":false},{"ty":"st","c":{"a":0,"k":[0.122000002394,0.141000007181,0.234999997008,1],"ix":3},"o":{"a":0,"k":100,"ix":4},"w":{"a":0,"k":1,"ix":5},"lc":1,"lj":1,"ml":4,"bm":0,"nm":"Stroke 1","mn":"ADBE Vector Graphic - Stroke","hd":false},{"ty":"tr","p":{"a":0,"k":[53.919,56.986],"ix":2},"a":{"a":0,"k":[0,0],"ix":1},"s":{"a":0,"k":[100,100],"ix":3},"r":{"a":0,"k":0,"ix":6},"o":{"a":0,"k":100,"ix":7},"sk":{"a":0,"k":0,"ix":4},"sa":{"a":0,"k":0,"ix":5},"nm":"Transform"}],"nm":"Group 1","np":2,"cix":2,"bm":0,"ix":1,"mn":"ADBE Vector Group","hd":false}],"ip":0,"op":3926,"st":0,"bm":0},{"ddd":0,"ind":18,"ty":4,"nm":"Слой 3 Outlines","sr":1,"ks":{"o":{"a":0,"k":100,"ix":11},"r":{"a":0,"k":0,"ix":10},"p":{"a":0,"k":[224.758,166.451,0],"ix":2},"a":{"a":0,"k":[53.17,53.067,0],"ix":1},"s":{"a":0,"k":[300,300,100],"ix":6}},"ao":0,"shapes":[{"ty":"gr","it":[{"ind":0,"ty":"sh","ix":1,"ks":{"a":0,"k":{"i":[[-29.17,0],[0,0],[0,-29.17],[29.17,0],[0,0],[0,29.17]],"o":[[0,0],[29.17,0],[0,29.17],[0,0],[-29.17,0],[0,-29.17]],"v":[[-0.102,-52.817],[0.102,-52.817],[52.919,0],[0.102,52.817],[-0.102,52.817],[-52.919,0]],"c":true},"ix":2},"nm":"Path 1","mn":"ADBE Vector Shape - Group","hd":false},{"ty":"fl","c":{"a":0,"k":[0.898000021542,0.941000007181,0.779999976065,1],"ix":4},"o":{"a":0,"k":100,"ix":5},"r":1,"bm":0,"nm":"Fill 1","mn":"ADBE Vector Graphic - Fill","hd":false},{"ty":"tr","p":{"a":0,"k":[53.169,53.067],"ix":2},"a":{"a":0,"k":[0,0],"ix":1},"s":{"a":0,"k":[100,100],"ix":3},"r":{"a":0,"k":0,"ix":6},"o":{"a":0,"k":100,"ix":7},"sk":{"a":0,"k":0,"ix":4},"sa":{"a":0,"k":0,"ix":5},"nm":"Transform"}],"nm":"Group 1","np":2,"cix":2,"bm":0,"ix":1,"mn":"ADBE Vector Group","hd":false}],"ip":0,"op":3926,"st":0,"bm":0},{"ddd":0,"ind":19,"ty":4,"nm":"Слой 24 Outlines 2","td":1,"sr":1,"ks":{"o":{"a":0,"k":100,"ix":11},"r":{"a":0,"k":0,"ix":10},"p":{"a":0,"k":[586.73,489.689,0],"ix":2},"a":{"a":0,"k":[53.17,56.236,0],"ix":1},"s":{"a":0,"k":[300,300,100],"ix":6}},"ao":0,"shapes":[{"ty":"gr","it":[{"ind":0,"ty":"sh","ix":1,"ks":{"a":0,"k":{"i":[[0,0],[-27.614,0],[0,0],[0,-27.614],[0,0],[5.522,0],[0,0],[0,5.523]],"o":[[0,-27.614],[0,0],[27.615,0],[0,0],[0,5.523],[0,0],[-5.523,0],[0,0]],"v":[[-52.919,-5.986],[-2.919,-55.986],[2.919,-55.986],[52.919,-5.986],[52.919,45.986],[42.919,55.986],[-42.919,55.986],[-52.919,45.986]],"c":true},"ix":2},"nm":"Path 1","mn":"ADBE Vector Shape - Group","hd":false},{"ty":"fl","c":{"a":0,"k":[0.972999961703,0.776000019148,0.855000035903,1],"ix":4},"o":{"a":0,"k":100,"ix":5},"r":1,"bm":0,"nm":"Fill 1","mn":"ADBE Vector Graphic - Fill","hd":false},{"ty":"tr","p":{"a":0,"k":[53.169,56.236],"ix":2},"a":{"a":0,"k":[0,0],"ix":1},"s":{"a":0,"k":[100,100],"ix":3},"r":{"a":0,"k":0,"ix":6},"o":{"a":0,"k":100,"ix":7},"sk":{"a":0,"k":0,"ix":4},"sa":{"a":0,"k":0,"ix":5},"nm":"Transform"}],"nm":"Group 1","np":2,"cix":2,"bm":0,"ix":1,"mn":"ADBE Vector Group","hd":false}],"ip":0,"op":3926,"st":0,"bm":0},{"ddd":0,"ind":20,"ty":4,"nm":"Слой 2 Outlines","tt":1,"sr":1,"ks":{"o":{"a":0,"k":100,"ix":11},"r":{"a":1,"k":[{"i":{"x":[0.37],"y":[1]},"o":{"x":[0.63],"y":[0]},"t":0,"s":[0]},{"i":{"x":[0.37],"y":[1]},"o":{"x":[0.63],"y":[0]},"t":15,"s":[-4.559]},{"i":{"x":[0.37],"y":[1]},"o":{"x":[0.63],"y":[0]},"t":60,"s":[-4.559]},{"i":{"x":[0.37],"y":[1]},"o":{"x":[0.63],"y":[0]},"t":80,"s":[2.928]},{"i":{"x":[0.37],"y":[1]},"o":{"x":[0.63],"y":[0]},"t":120,"s":[2.928]},{"t":150,"s":[0]}],"ix":10},"p":{"a":1,"k":[{"i":{"x":0.37,"y":1},"o":{"x":0.63,"y":0},"t":0,"s":[585.313,665.147,0],"to":[0,0,0],"ti":[0,0,0]},{"i":{"x":0.833,"y":0.833},"o":{"x":0.63,"y":0},"t":7,"s":[585.313,675.147,0],"to":[0,0,0],"ti":[0,0,0]},{"t":15,"s":[585.313,665.147,0]}],"ix":2,"x":"var $bm_rt;\nvar amp, freq, decay, n, t, v;\ntry {\n    amp = $bm_div(effect('Position - Overshoot')('ADBE Slider Control-0001'), 2.5), freq = $bm_div(effect('Position - Bounce')('ADBE Slider Control-0001'), 20), decay = $bm_div(effect('Position - Friction')('ADBE Slider Control-0001'), 20), n = 0, 0 < numKeys && (n = nearestKey(time).index, key(n).time > time && n--), t = 0 === n ? 0 : $bm_sub(time, key(n).time), $bm_rt = 0 < n ? (v = velocityAtTime($bm_sub(key(n).time, $bm_div(thisComp.frameDuration, 10))), $bm_sum(value, $bm_div($bm_mul($bm_mul($bm_div(v, 100), amp), Math.sin($bm_mul($bm_mul($bm_mul(freq, t), 2), Math.PI))), Math.exp($bm_mul(decay, t))))) : value;\n} catch (e$$4) {\n    $bm_rt = value = value;\n}"},"a":{"a":0,"k":[37.383,43.443,0],"ix":1},"s":{"a":0,"k":[300,300,100],"ix":6}},"ao":0,"ef":[{"ty":5,"nm":"Position - Overshoot","np":3,"mn":"ADBE Slider Control","ix":1,"en":1,"ef":[{"ty":0,"nm":"Slider","mn":"ADBE Slider Control-0001","ix":1,"v":{"a":0,"k":10,"ix":1,"x":"var $bm_rt;\n$bm_rt = clamp(value, 0, 100);"}}]},{"ty":5,"nm":"Position - Bounce","np":3,"mn":"ADBE Slider Control","ix":2,"en":1,"ef":[{"ty":0,"nm":"Slider","mn":"ADBE Slider Control-0001","ix":1,"v":{"a":0,"k":40,"ix":1,"x":"var $bm_rt;\n$bm_rt = clamp(value, 0, 100);"}}]},{"ty":5,"nm":"Position - Friction","np":3,"mn":"ADBE Slider Control","ix":3,"en":1,"ef":[{"ty":0,"nm":"Slider","mn":"ADBE Slider Control-0001","ix":1,"v":{"a":0,"k":80,"ix":1,"x":"var $bm_rt;\n$bm_rt = clamp(value, 0, 100);"}}]}],"shapes":[{"ty":"gr","it":[{"ind":0,"ty":"sh","ix":1,"ks":{"a":1,"k":[{"i":{"x":0.44,"y":1},"o":{"x":0.56,"y":0},"t":0,"s":[{"i":[[0,0],[0,0]],"o":[[0,0],[0,0]],"v":[[17.719,-9.667],[19.135,9.667]],"c":false}]},{"i":{"x":0.44,"y":1},"o":{"x":0.56,"y":0},"t":15,"s":[{"i":[[0,0],[0,0]],"o":[[0,0],[0,0]],"v":[[16.302,-9.589],[17.719,9.746]],"c":false}]},{"i":{"x":0.44,"y":1},"o":{"x":0.56,"y":0},"t":60,"s":[{"i":[[0,0],[0,0]],"o":[[0,0],[0,0]],"v":[[16.302,-9.589],[17.719,9.746]],"c":false}]},{"i":{"x":0.44,"y":1},"o":{"x":0.56,"y":0},"t":80,"s":[{"i":[[0,0],[0,0]],"o":[[0,0],[0,0]],"v":[[17.719,-9.667],[19.135,9.667]],"c":false}]},{"i":{"x":0.44,"y":1},"o":{"x":0.56,"y":0},"t":120,"s":[{"i":[[0,0],[0,0]],"o":[[0,0],[0,0]],"v":[[17.719,-9.667],[19.135,9.667]],"c":false}]},{"t":150,"s":[{"i":[[0,0],[0,0]],"o":[[0,0],[0,0]],"v":[[17.719,-9.667],[19.135,9.667]],"c":false}]}],"ix":2},"nm":"Path 1","mn":"ADBE Vector Shape - Group","hd":false},{"ind":1,"ty":"sh","ix":2,"ks":{"a":1,"k":[{"i":{"x":0.44,"y":1},"o":{"x":0.56,"y":0},"t":0,"s":[{"i":[[0,0],[0,0]],"o":[[0,0],[0,0]],"v":[[-17.72,-9.667],[-19.135,9.667]],"c":false}]},{"i":{"x":0.44,"y":1},"o":{"x":0.56,"y":0},"t":15,"s":[{"i":[[0,0],[0,0]],"o":[[0,0],[0,0]],"v":[[-17.72,-9.667],[-19.135,9.667]],"c":false}]},{"i":{"x":0.44,"y":1},"o":{"x":0.56,"y":0},"t":60,"s":[{"i":[[0,0],[0,0]],"o":[[0,0],[0,0]],"v":[[-17.72,-9.667],[-19.135,9.667]],"c":false}]},{"i":{"x":0.44,"y":1},"o":{"x":0.56,"y":0},"t":80,"s":[{"i":[[0,0],[0,0]],"o":[[0,0],[0,0]],"v":[[-16.47,-9.687],[-17.885,9.648]],"c":false}]},{"i":{"x":0.44,"y":1},"o":{"x":0.56,"y":0},"t":120,"s":[{"i":[[0,0],[0,0]],"o":[[0,0],[0,0]],"v":[[-16.47,-9.687],[-17.885,9.648]],"c":false}]},{"t":150,"s":[{"i":[[0,0],[0,0]],"o":[[0,0],[0,0]],"v":[[-17.72,-9.667],[-19.135,9.667]],"c":false}]}],"ix":2},"nm":"Path 2","mn":"ADBE Vector Shape - Group","hd":false},{"ty":"st","c":{"a":0,"k":[0.122000002394,0.141000007181,0.234999997008,1],"ix":3},"o":{"a":0,"k":100,"ix":4},"w":{"a":0,"k":1,"ix":5},"lc":1,"lj":1,"ml":4,"bm":0,"nm":"Stroke 1","mn":"ADBE Vector Graphic - Stroke","hd":false},{"ty":"tr","p":{"a":0,"k":[45.652,33.775],"ix":2},"a":{"a":0,"k":[0,0],"ix":1},"s":{"a":0,"k":[100,100],"ix":3},"r":{"a":0,"k":0,"ix":6},"o":{"a":0,"k":100,"ix":7},"sk":{"a":0,"k":0,"ix":4},"sa":{"a":0,"k":0,"ix":5},"nm":"Transform"}],"nm":"Group 1","np":3,"cix":2,"bm":0,"ix":1,"mn":"ADBE Vector Group","hd":false},{"ty":"gr","it":[{"ind":0,"ty":"sh","ix":1,"ks":{"a":1,"k":[{"i":{"x":0.44,"y":1},"o":{"x":0.56,"y":0},"t":0,"s":[{"i":[[0,0],[-10.022,0],[0,0],[-1.328,-9.934],[0,0],[0,0]],"o":[[1.327,-9.934],[0,0],[10.023,0],[0,0],[0,0],[0,0]],"v":[[-33.03,-3.87],[-13.206,-21.221],[13.206,-21.221],[33.031,-3.87],[36.383,21.221],[-36.383,21.221]],"c":true}]},{"i":{"x":0.44,"y":1},"o":{"x":0.56,"y":0},"t":15,"s":[{"i":[[0,0],[-10.022,0],[0,0],[-1.328,-9.934],[0,0],[0,0]],"o":[[1.327,-9.934],[0,0],[10.023,0],[0,0],[0,0],[0,0]],"v":[[-33.03,-3.87],[-13.206,-21.221],[13.206,-21.221],[30.531,-3.8],[33.883,21.291],[-36.383,21.221]],"c":true}]},{"i":{"x":0.44,"y":1},"o":{"x":0.56,"y":0},"t":60,"s":[{"i":[[0,0],[-10.022,0],[0,0],[-1.328,-9.934],[0,0],[0,0]],"o":[[1.327,-9.934],[0,0],[10.023,0],[0,0],[0,0],[0,0]],"v":[[-33.03,-3.87],[-13.206,-21.221],[13.206,-21.221],[30.531,-3.8],[33.883,21.291],[-36.383,21.221]],"c":true}]},{"i":{"x":0.44,"y":1},"o":{"x":0.56,"y":0},"t":80,"s":[{"i":[[0,0],[-10.022,0],[0,0],[-1.328,-9.934],[0,0],[0,0]],"o":[[1.327,-9.934],[0,0],[10.023,0],[0,0],[0,0],[0,0]],"v":[[-30.53,-3.8],[-13.206,-21.221],[13.206,-21.221],[33.031,-3.87],[36.383,21.221],[-33.883,21.291]],"c":true}]},{"i":{"x":0.44,"y":1},"o":{"x":0.56,"y":0},"t":120,"s":[{"i":[[0,0],[-10.022,0],[0,0],[-1.328,-9.934],[0,0],[0,0]],"o":[[1.327,-9.934],[0,0],[10.023,0],[0,0],[0,0],[0,0]],"v":[[-30.53,-3.8],[-13.206,-21.221],[13.206,-21.221],[33.031,-3.87],[36.383,21.221],[-33.883,21.291]],"c":true}]},{"t":150,"s":[{"i":[[0,0],[-10.022,0],[0,0],[-1.328,-9.934],[0,0],[0,0]],"o":[[1.327,-9.934],[0,0],[10.023,0],[0,0],[0,0],[0,0]],"v":[[-33.03,-3.87],[-13.206,-21.221],[13.206,-21.221],[33.031,-3.87],[36.383,21.221],[-36.383,21.221]],"c":true}]}],"ix":2},"nm":"Path 1","mn":"ADBE Vector Shape - Group","hd":false},{"ty":"st","c":{"a":0,"k":[0.122000002394,0.141000007181,0.234999997008,1],"ix":3},"o":{"a":0,"k":100,"ix":4},"w":{"a":0,"k":1,"ix":5},"lc":1,"lj":1,"ml":4,"bm":0,"nm":"Stroke 1","mn":"ADBE Vector Graphic - Stroke","hd":false},{"ty":"tr","p":{"a":0,"k":[37.383,22.222],"ix":2},"a":{"a":0,"k":[0,0],"ix":1},"s":{"a":0,"k":[100,100],"ix":3},"r":{"a":0,"k":0,"ix":6},"o":{"a":0,"k":100,"ix":7},"sk":{"a":0,"k":0,"ix":4},"sa":{"a":0,"k":0,"ix":5},"nm":"Transform"}],"nm":"Group 2","np":2,"cix":2,"bm":0,"ix":2,"mn":"ADBE Vector Group","hd":false},{"ty":"gr","it":[{"ind":0,"ty":"sh","ix":1,"ks":{"a":1,"k":[{"i":{"x":0.44,"y":1},"o":{"x":0.56,"y":0},"t":0,"s":[{"i":[[0,0],[-10.022,0],[0,0],[-1.328,-9.934],[0,0],[0,0]],"o":[[1.327,-9.934],[0,0],[10.023,0],[0,0],[0,0],[0,0]],"v":[[-33.03,-3.87],[-13.206,-21.221],[13.206,-21.221],[33.031,-3.87],[36.383,21.221],[-36.383,21.221]],"c":true}]},{"i":{"x":0.44,"y":1},"o":{"x":0.56,"y":0},"t":15,"s":[{"i":[[0,0],[-10.022,0],[0,0],[-1.328,-9.934],[0,0],[0,0]],"o":[[1.327,-9.934],[0,0],[10.023,0],[0,0],[0,0],[0,0]],"v":[[-33.03,-3.87],[-13.206,-21.221],[13.206,-21.221],[30.573,-3.883],[33.925,21.208],[-36.383,21.221]],"c":true}]},{"i":{"x":0.44,"y":1},"o":{"x":0.56,"y":0},"t":60,"s":[{"i":[[0,0],[-10.022,0],[0,0],[-1.328,-9.934],[0,0],[0,0]],"o":[[1.327,-9.934],[0,0],[10.023,0],[0,0],[0,0],[0,0]],"v":[[-33.03,-3.87],[-13.206,-21.221],[13.206,-21.221],[30.573,-3.883],[33.925,21.208],[-36.383,21.221]],"c":true}]},{"i":{"x":0.44,"y":1},"o":{"x":0.56,"y":0},"t":80,"s":[{"i":[[0,0],[-10.022,0],[0,0],[-1.328,-9.934],[0,0],[0,0]],"o":[[1.327,-9.934],[0,0],[10.023,0],[0,0],[0,0],[0,0]],"v":[[-30.363,-3.875],[-13.206,-21.221],[13.206,-21.221],[33.031,-3.87],[36.383,21.221],[-33.716,21.216]],"c":true}]},{"i":{"x":0.44,"y":1},"o":{"x":0.56,"y":0},"t":120,"s":[{"i":[[0,0],[-10.022,0],[0,0],[-1.328,-9.934],[0,0],[0,0]],"o":[[1.327,-9.934],[0,0],[10.023,0],[0,0],[0,0],[0,0]],"v":[[-30.363,-3.875],[-13.206,-21.221],[13.206,-21.221],[33.031,-3.87],[36.383,21.221],[-33.716,21.216]],"c":true}]},{"t":150,"s":[{"i":[[0,0],[-10.022,0],[0,0],[-1.328,-9.934],[0,0],[0,0]],"o":[[1.327,-9.934],[0,0],[10.023,0],[0,0],[0,0],[0,0]],"v":[[-33.03,-3.87],[-13.206,-21.221],[13.206,-21.221],[33.031,-3.87],[36.383,21.221],[-36.383,21.221]],"c":true}]}],"ix":2},"nm":"Path 1","mn":"ADBE Vector Shape - Group","hd":false},{"ty":"fl","c":{"a":0,"k":[0.788000009574,0.877999997606,0.545000023935,1],"ix":4},"o":{"a":0,"k":100,"ix":5},"r":1,"bm":0,"nm":"Fill 1","mn":"ADBE Vector Graphic - Fill","hd":false},{"ty":"tr","p":{"a":0,"k":[37.383,22.222],"ix":2},"a":{"a":0,"k":[0,0],"ix":1},"s":{"a":0,"k":[100,100],"ix":3},"r":{"a":0,"k":0,"ix":6},"o":{"a":0,"k":100,"ix":7},"sk":{"a":0,"k":0,"ix":4},"sa":{"a":0,"k":0,"ix":5},"nm":"Transform"}],"nm":"Group 3","np":2,"cix":2,"bm":0,"ix":3,"mn":"ADBE Vector Group","hd":false}],"ip":0,"op":3926,"st":0,"bm":0},{"ddd":0,"ind":21,"ty":4,"nm":"Слой 21 Outlines","parent":25,"sr":1,"ks":{"o":{"a":0,"k":100,"ix":11},"r":{"a":0,"k":0,"ix":10},"p":{"a":0,"k":[10.829,21.279,0],"ix":2},"a":{"a":0,"k":[5.034,5.803,0],"ix":1},"s":{"a":0,"k":[100,100,100],"ix":6}},"ao":0,"shapes":[{"ty":"gr","it":[{"ind":0,"ty":"sh","ix":1,"ks":{"a":0,"k":{"i":[[0,0],[0.778,-0.069],[0.283,2.542],[0,0],[-1.909,0.212],[-0.212,-1.907]],"o":[[0.142,1.413],[-2.548,0.283],[0,0],[-0.212,-1.907],[1.912,-0.213],[0,0]],"v":[[3.892,2.189],[1.486,4.52],[-3.68,0.424],[-3.822,-0.706],[-0.709,-4.59],[3.184,-1.483]],"c":false},"ix":2},"nm":"Path 1","mn":"ADBE Vector Shape - Group","hd":false},{"ty":"st","c":{"a":0,"k":[0.122000002394,0.141000007181,0.234999997008,1],"ix":3},"o":{"a":0,"k":100,"ix":4},"w":{"a":0,"k":1,"ix":5},"lc":1,"lj":1,"ml":4,"bm":0,"nm":"Stroke 1","mn":"ADBE Vector Graphic - Stroke","hd":false},{"ty":"tr","p":{"a":0,"k":[5.034,5.803],"ix":2},"a":{"a":0,"k":[0,0],"ix":1},"s":{"a":0,"k":[100,100],"ix":3},"r":{"a":0,"k":0,"ix":6},"o":{"a":0,"k":100,"ix":7},"sk":{"a":0,"k":0,"ix":4},"sa":{"a":0,"k":0,"ix":5},"nm":"Transform"}],"nm":"Group 1","np":2,"cix":2,"bm":0,"ix":1,"mn":"ADBE Vector Group","hd":false},{"ty":"gr","it":[{"ind":0,"ty":"sh","ix":1,"ks":{"a":0,"k":{"i":[[0,0],[0.778,-0.069],[0.283,2.542],[0,0],[-1.909,0.212],[-0.212,-1.907]],"o":[[0.142,1.413],[-2.548,0.283],[0,0],[-0.212,-1.907],[1.912,-0.213],[0,0]],"v":[[3.892,2.189],[1.486,4.52],[-3.68,0.424],[-3.822,-0.706],[-0.709,-4.59],[3.184,-1.483]],"c":false},"ix":2},"nm":"Path 1","mn":"ADBE Vector Shape - Group","hd":false},{"ty":"fl","c":{"a":0,"k":[0.250999989229,0.654999976065,0.779999976065,1],"ix":4},"o":{"a":0,"k":100,"ix":5},"r":1,"bm":0,"nm":"Fill 1","mn":"ADBE Vector Graphic - Fill","hd":false},{"ty":"tr","p":{"a":0,"k":[5.034,5.803],"ix":2},"a":{"a":0,"k":[0,0],"ix":1},"s":{"a":0,"k":[100,100],"ix":3},"r":{"a":0,"k":0,"ix":6},"o":{"a":0,"k":100,"ix":7},"sk":{"a":0,"k":0,"ix":4},"sa":{"a":0,"k":0,"ix":5},"nm":"Transform"}],"nm":"Group 2","np":2,"cix":2,"bm":0,"ix":2,"mn":"ADBE Vector Group","hd":false}],"ip":0,"op":3926,"st":0,"bm":0},{"ddd":0,"ind":22,"ty":4,"nm":"Слой 20 Outlines","parent":25,"sr":1,"ks":{"o":{"a":0,"k":100,"ix":11},"r":{"a":0,"k":0,"ix":10},"p":{"a":0,"k":[32.377,21.667,0],"ix":2},"a":{"a":0,"k":[3.3,5.626,0],"ix":1},"s":{"a":0,"k":[100,100,100],"ix":6}},"ao":0,"shapes":[{"ty":"gr","it":[{"ind":0,"ty":"sh","ix":1,"ks":{"a":0,"k":{"i":[[0,0],[0,0],[4.529,0.706]],"o":[[0,0],[1.627,1.907],[0,0]],"v":[[-2.3,-4.626],[0.673,-1.095],[-2.3,3.92]],"c":false},"ix":2},"nm":"Path 1","mn":"ADBE Vector Shape - Group","hd":false},{"ty":"st","c":{"a":0,"k":[0.122000002394,0.141000007181,0.234999997008,1],"ix":3},"o":{"a":0,"k":100,"ix":4},"w":{"a":0,"k":1,"ix":5},"lc":1,"lj":1,"ml":4,"bm":0,"nm":"Stroke 1","mn":"ADBE Vector Graphic - Stroke","hd":false},{"ty":"tr","p":{"a":0,"k":[3.3,5.626],"ix":2},"a":{"a":0,"k":[0,0],"ix":1},"s":{"a":0,"k":[100,100],"ix":3},"r":{"a":0,"k":0,"ix":6},"o":{"a":0,"k":100,"ix":7},"sk":{"a":0,"k":0,"ix":4},"sa":{"a":0,"k":0,"ix":5},"nm":"Transform"}],"nm":"Group 1","np":2,"cix":2,"bm":0,"ix":1,"mn":"ADBE Vector Group","hd":false},{"ty":"gr","it":[{"ind":0,"ty":"sh","ix":1,"ks":{"a":0,"k":{"i":[[0,0],[0,0],[4.529,0.706]],"o":[[0,0],[1.627,1.907],[0,0]],"v":[[-2.3,-4.626],[0.673,-1.095],[-2.3,3.92]],"c":false},"ix":2},"nm":"Path 1","mn":"ADBE Vector Shape - Group","hd":false},{"ty":"fl","c":{"a":0,"k":[0.250999989229,0.654999976065,0.779999976065,1],"ix":4},"o":{"a":0,"k":100,"ix":5},"r":1,"bm":0,"nm":"Fill 1","mn":"ADBE Vector Graphic - Fill","hd":false},{"ty":"tr","p":{"a":0,"k":[3.3,5.626],"ix":2},"a":{"a":0,"k":[0,0],"ix":1},"s":{"a":0,"k":[100,100],"ix":3},"r":{"a":0,"k":0,"ix":6},"o":{"a":0,"k":100,"ix":7},"sk":{"a":0,"k":0,"ix":4},"sa":{"a":0,"k":0,"ix":5},"nm":"Transform"}],"nm":"Group 2","np":2,"cix":2,"bm":0,"ix":2,"mn":"ADBE Vector Group","hd":false}],"ip":0,"op":3926,"st":0,"bm":0},{"ddd":0,"ind":23,"ty":4,"nm":"Слой 19 Outlines 2","parent":24,"sr":1,"ks":{"o":{"a":0,"k":100,"ix":11},"r":{"a":1,"k":[{"i":{"x":[0.833],"y":[0.833]},"o":{"x":[0.63],"y":[0]},"t":-4,"s":[0]},{"i":{"x":[0.43],"y":[1]},"o":{"x":[0.167],"y":[0.167]},"t":-2,"s":[-3.439]},{"i":{"x":[0.43],"y":[1]},"o":{"x":[0.57],"y":[0]},"t":11,"s":[0]},{"i":{"x":[0.43],"y":[1]},"o":{"x":[0.57],"y":[0]},"t":18,"s":[-15.447]},{"i":{"x":[0.43],"y":[1]},"o":{"x":[0.57],"y":[0]},"t":28,"s":[3]},{"i":{"x":[0.43],"y":[1]},"o":{"x":[0.57],"y":[0]},"t":32,"s":[0]},{"i":{"x":[0.43],"y":[1]},"o":{"x":[0.57],"y":[0]},"t":60,"s":[0]},{"i":{"x":[0.43],"y":[1]},"o":{"x":[0.57],"y":[0]},"t":67,"s":[-8]},{"i":{"x":[0.43],"y":[1]},"o":{"x":[0.57],"y":[0]},"t":77,"s":[9]},{"t":84,"s":[0]}],"ix":10},"p":{"a":0,"k":[26.504,16.448,0],"ix":2},"a":{"a":0,"k":[26.504,16.448,0],"ix":1},"s":{"a":0,"k":[100,100,100],"ix":6}},"ao":0,"ef":[{"ty":5,"nm":"Rotation - Overshoot","np":3,"mn":"ADBE Slider Control","ix":1,"en":1,"ef":[{"ty":0,"nm":"Slider","mn":"ADBE Slider Control-0001","ix":1,"v":{"a":0,"k":30,"ix":1,"x":"var $bm_rt;\n$bm_rt = clamp(value, 0, 100);"}}]},{"ty":5,"nm":"Rotation - Bounce","np":3,"mn":"ADBE Slider Control","ix":2,"en":1,"ef":[{"ty":0,"nm":"Slider","mn":"ADBE Slider Control-0001","ix":1,"v":{"a":0,"k":40,"ix":1,"x":"var $bm_rt;\n$bm_rt = clamp(value, 0, 100);"}}]},{"ty":5,"nm":"Rotation - Friction","np":3,"mn":"ADBE Slider Control","ix":3,"en":1,"ef":[{"ty":0,"nm":"Slider","mn":"ADBE Slider Control-0001","ix":1,"v":{"a":0,"k":80,"ix":1,"x":"var $bm_rt;\n$bm_rt = clamp(value, 0, 100);"}}]}],"shapes":[{"ty":"gr","it":[{"d":1,"ty":"el","s":{"a":0,"k":[19.94,19.94],"ix":2},"p":{"a":0,"k":[0,0],"ix":3},"nm":"Ellipse Path 1","mn":"ADBE Vector Shape - Ellipse","hd":false},{"ty":"st","c":{"a":0,"k":[0.121978759766,0.140991210938,0.234985351563,1],"ix":3},"o":{"a":0,"k":100,"ix":4},"w":{"a":0,"k":1.5,"ix":5},"lc":1,"lj":1,"ml":4,"bm":0,"nm":"Stroke 1","mn":"ADBE Vector Graphic - Stroke","hd":false},{"ty":"fl","c":{"a":0,"k":[0.122000002394,0.141000007181,0.234999997008,1],"ix":4},"o":{"a":0,"k":100,"ix":5},"r":1,"bm":0,"nm":"Fill 1","mn":"ADBE Vector Graphic - Fill","hd":false},{"ty":"tr","p":{"a":0,"k":[31.785,10.648],"ix":2},"a":{"a":0,"k":[0,0],"ix":1},"s":{"a":0,"k":[100,100],"ix":3},"r":{"a":0,"k":0,"ix":6},"o":{"a":0,"k":100,"ix":7},"sk":{"a":0,"k":0,"ix":4},"sa":{"a":0,"k":0,"ix":5},"nm":"Transform"}],"nm":"Ellipse 1","np":3,"cix":2,"bm":0,"ix":1,"mn":"ADBE Vector Group","hd":false}],"ip":0,"op":3926,"st":0,"bm":0},{"ddd":0,"ind":24,"ty":4,"nm":"Слой 19 Outlines","parent":25,"sr":1,"ks":{"o":{"a":0,"k":100,"ix":11},"r":{"a":0,"k":0,"ix":10},"p":{"a":0,"k":[16.688,9.165,0],"ix":2},"a":{"a":0,"k":[21.253,19.752,0],"ix":1},"s":{"a":0,"k":[100,100,100],"ix":6}},"ao":0,"shapes":[{"ty":"gr","it":[{"ind":0,"ty":"sh","ix":1,"ks":{"a":0,"k":{"i":[[1.097,2.405],[2.601,-0.003],[0,-4.688],[-0.333,-0.908],[0.369,0],[0,-3.907],[-2.491,-1.162],[-2.03,-3.603],[-0.545,0.143],[-0.768,2.216],[-1.728,0.863],[0,0],[-0.205,2.044],[0,0]],"o":[[-1.613,-2.039],[-4.697,0],[0,1.024],[-0.364,-0.057],[-3.914,0],[0.001,2.748],[0.59,4.094],[0.278,0.492],[2.537,-0.665],[0.657,-1.887],[0,0],[2.054,0],[0,0],[0.361,-5.991]],"v":[[2.419,-14.921],[-4.254,-18.144],[-12.759,-9.656],[-12.243,-6.742],[-13.345,-6.827],[-20.43,0.247],[-16.348,6.655],[-12.383,18.3],[-11.01,18.948],[-6.926,13.827],[-3.893,9.207],[-0.898,9.207],[3.081,5.607],[3.83,-1.859]],"c":true},"ix":2},"nm":"Path 1","mn":"ADBE Vector Shape - Group","hd":false},{"ty":"st","c":{"a":0,"k":[0.121978759766,0.140991210938,0.234985351563,1],"ix":3},"o":{"a":0,"k":100,"ix":4},"w":{"a":0,"k":1.5,"ix":5},"lc":1,"lj":1,"ml":4,"bm":0,"nm":"Stroke 1","mn":"ADBE Vector Graphic - Stroke","hd":false},{"ty":"fl","c":{"a":0,"k":[0.122000002394,0.141000007181,0.234999997008,1],"ix":4},"o":{"a":0,"k":100,"ix":5},"r":1,"bm":0,"nm":"Fill 1","mn":"ADBE Vector Graphic - Fill","hd":false},{"ty":"tr","p":{"a":0,"k":[21.18,19.842],"ix":2},"a":{"a":0,"k":[0,0],"ix":1},"s":{"a":0,"k":[100,100],"ix":3},"r":{"a":0,"k":0,"ix":6},"o":{"a":0,"k":100,"ix":7},"sk":{"a":0,"k":0,"ix":4},"sa":{"a":0,"k":0,"ix":5},"nm":"Transform"}],"nm":"Group 2","np":3,"cix":2,"bm":0,"ix":1,"mn":"ADBE Vector Group","hd":false}],"ip":0,"op":3926,"st":0,"bm":0},{"ddd":0,"ind":25,"ty":4,"nm":"Слой 18 Outlines","parent":26,"sr":1,"ks":{"o":{"a":0,"k":100,"ix":11},"r":{"a":1,"k":[{"i":{"x":[0.41],"y":[1]},"o":{"x":[0.59],"y":[0]},"t":-146,"s":[0]},{"i":{"x":[0.41],"y":[1]},"o":{"x":[0.59],"y":[0]},"t":-131,"s":[-2.369]},{"i":{"x":[0.41],"y":[1]},"o":{"x":[0.59],"y":[0]},"t":-86,"s":[-2.369]},{"i":{"x":[0.41],"y":[1]},"o":{"x":[0.59],"y":[0]},"t":-66,"s":[4.963]},{"i":{"x":[0.41],"y":[1]},"o":{"x":[0.59],"y":[0]},"t":-26,"s":[4.963]},{"t":4,"s":[0]}],"ix":10,"x":"var $bm_rt;\n$bm_rt = loopOut('cycle', 0);"},"p":{"a":0,"k":[9.523,-1.456,0],"ix":2},"a":{"a":0,"k":[14.63,30.195,0],"ix":1},"s":{"a":0,"k":[100,100,100],"ix":6}},"ao":0,"shapes":[{"ty":"gr","it":[{"ind":0,"ty":"sh","ix":1,"ks":{"a":0,"k":{"i":[[-4.933,-2.749],[0,0],[-0.292,-3.065],[0,0],[4.867,-0.139],[4.248,2.505],[0,0],[0.996,2.042],[0,0],[-6.086,5.248]],"o":[[0,0],[2.689,1.498],[0,0],[0.463,4.847],[-4.929,0.141],[0,0],[-1.957,-1.154],[0,0],[-3.521,-7.224],[4.277,-3.688]],"v":[[6.912,-15.613],[9.558,-14.138],[14.32,-6.85],[15.834,9.008],[7.695,18.221],[-6.351,14.602],[-7.244,14.075],[-11.771,9.174],[-12.775,7.115],[-8.424,-14.048]],"c":true},"ix":2},"nm":"Path 1","mn":"ADBE Vector Shape - Group","hd":false},{"ty":"st","c":{"a":0,"k":[0.122000002394,0.141000007181,0.234999997008,1],"ix":3},"o":{"a":0,"k":100,"ix":4},"w":{"a":0,"k":1,"ix":5},"lc":1,"lj":1,"ml":4,"bm":0,"nm":"Stroke 1","mn":"ADBE Vector Graphic - Stroke","hd":false},{"ty":"tr","p":{"a":0,"k":[17.296,19.361],"ix":2},"a":{"a":0,"k":[0,0],"ix":1},"s":{"a":0,"k":[100,100],"ix":3},"r":{"a":0,"k":0,"ix":6},"o":{"a":0,"k":100,"ix":7},"sk":{"a":0,"k":0,"ix":4},"sa":{"a":0,"k":0,"ix":5},"nm":"Transform"}],"nm":"Group 1","np":2,"cix":2,"bm":0,"ix":1,"mn":"ADBE Vector Group","hd":false},{"ty":"gr","it":[{"ind":0,"ty":"sh","ix":1,"ks":{"a":0,"k":{"i":[[-4.933,-2.749],[0,0],[-0.292,-3.065],[0,0],[4.867,-0.139],[4.248,2.505],[0,0],[0.996,2.042],[0,0],[-6.086,5.248]],"o":[[0,0],[2.689,1.498],[0,0],[0.463,4.847],[-4.929,0.141],[0,0],[-1.957,-1.154],[0,0],[-3.521,-7.224],[4.277,-3.688]],"v":[[6.912,-15.613],[9.558,-14.138],[14.32,-6.85],[15.834,9.008],[7.695,18.221],[-6.351,14.602],[-7.244,14.075],[-11.771,9.174],[-12.775,7.115],[-8.424,-14.048]],"c":true},"ix":2},"nm":"Path 1","mn":"ADBE Vector Shape - Group","hd":false},{"ty":"fl","c":{"a":0,"k":[0.250999989229,0.654999976065,0.779999976065,1],"ix":4},"o":{"a":0,"k":100,"ix":5},"r":1,"bm":0,"nm":"Fill 1","mn":"ADBE Vector Graphic - Fill","hd":false},{"ty":"tr","p":{"a":0,"k":[17.296,19.361],"ix":2},"a":{"a":0,"k":[0,0],"ix":1},"s":{"a":0,"k":[100,100],"ix":3},"r":{"a":0,"k":0,"ix":6},"o":{"a":0,"k":100,"ix":7},"sk":{"a":0,"k":0,"ix":4},"sa":{"a":0,"k":0,"ix":5},"nm":"Transform"}],"nm":"Group 2","np":2,"cix":2,"bm":0,"ix":2,"mn":"ADBE Vector Group","hd":false}],"ip":0,"op":3926,"st":0,"bm":0},{"ddd":0,"ind":26,"ty":4,"nm":"Слой 17 Outlines","parent":20,"sr":1,"ks":{"o":{"a":0,"k":100,"ix":11},"r":{"a":1,"k":[{"i":{"x":[0.44],"y":[1]},"o":{"x":[0.56],"y":[0]},"t":0,"s":[0]},{"i":{"x":[0.44],"y":[1]},"o":{"x":[0.56],"y":[0]},"t":15,"s":[-7.51]},{"i":{"x":[0.44],"y":[1]},"o":{"x":[0.56],"y":[0]},"t":60,"s":[-7.51]},{"i":{"x":[0.44],"y":[1]},"o":{"x":[0.56],"y":[0]},"t":80,"s":[3.922]},{"i":{"x":[0.44],"y":[1]},"o":{"x":[0.56],"y":[0]},"t":120,"s":[3.922]},{"t":150,"s":[0]}],"ix":10},"p":{"a":0,"k":[36.885,5.352,0],"ix":2},"a":{"a":0,"k":[10.897,18.516,0],"ix":1},"s":{"a":0,"k":[100,100,100],"ix":6}},"ao":0,"shapes":[{"ty":"gr","it":[{"ind":0,"ty":"sh","ix":1,"ks":{"a":0,"k":{"i":[[0,0],[0,0],[7.524,-1.185],[0,0]],"o":[[0,0],[-7.18,0],[0,0],[0,0]],"v":[[9.261,-5.968],[9.898,8.758],[-9.898,8.758],[-7.157,-8.758]],"c":true},"ix":2},"nm":"Path 1","mn":"ADBE Vector Shape - Group","hd":false},{"ty":"st","c":{"a":0,"k":[0.122000002394,0.141000007181,0.234999997008,1],"ix":3},"o":{"a":0,"k":100,"ix":4},"w":{"a":0,"k":1,"ix":5},"lc":1,"lj":1,"ml":4,"bm":0,"nm":"Stroke 1","mn":"ADBE Vector Graphic - Stroke","hd":false},{"ty":"tr","p":{"a":0,"k":[10.897,9.758],"ix":2},"a":{"a":0,"k":[0,0],"ix":1},"s":{"a":0,"k":[100,100],"ix":3},"r":{"a":0,"k":0,"ix":6},"o":{"a":0,"k":100,"ix":7},"sk":{"a":0,"k":0,"ix":4},"sa":{"a":0,"k":0,"ix":5},"nm":"Transform"}],"nm":"Group 1","np":2,"cix":2,"bm":0,"ix":1,"mn":"ADBE Vector Group","hd":false},{"ty":"gr","it":[{"ind":0,"ty":"sh","ix":1,"ks":{"a":0,"k":{"i":[[0,0],[0,0],[7.524,-1.185],[0,0]],"o":[[0,0],[-7.18,0],[0,0],[0,0]],"v":[[9.261,-5.968],[9.898,8.758],[-9.898,8.758],[-7.157,-8.758]],"c":true},"ix":2},"nm":"Path 1","mn":"ADBE Vector Shape - Group","hd":false},{"ty":"fl","c":{"a":0,"k":[0.250999989229,0.654999976065,0.779999976065,1],"ix":4},"o":{"a":0,"k":100,"ix":5},"r":1,"bm":0,"nm":"Fill 1","mn":"ADBE Vector Graphic - Fill","hd":false},{"ty":"tr","p":{"a":0,"k":[10.897,9.758],"ix":2},"a":{"a":0,"k":[0,0],"ix":1},"s":{"a":0,"k":[100,100],"ix":3},"r":{"a":0,"k":0,"ix":6},"o":{"a":0,"k":100,"ix":7},"sk":{"a":0,"k":0,"ix":4},"sa":{"a":0,"k":0,"ix":5},"nm":"Transform"}],"nm":"Group 2","np":2,"cix":2,"bm":0,"ix":2,"mn":"ADBE Vector Group","hd":false}],"ip":0,"op":3926,"st":0,"bm":0},{"ddd":0,"ind":27,"ty":4,"nm":"Слой 24 Outlines","sr":1,"ks":{"o":{"a":0,"k":100,"ix":11},"r":{"a":0,"k":0,"ix":10},"p":{"a":0,"k":[586.73,489.689,0],"ix":2},"a":{"a":0,"k":[53.17,56.236,0],"ix":1},"s":{"a":0,"k":[300,300,100],"ix":6}},"ao":0,"shapes":[{"ty":"gr","it":[{"ind":0,"ty":"sh","ix":1,"ks":{"a":0,"k":{"i":[[0,0],[-27.614,0],[0,0],[0,-27.614],[0,0],[5.522,0],[0,0],[0,5.523]],"o":[[0,-27.614],[0,0],[27.615,0],[0,0],[0,5.523],[0,0],[-5.523,0],[0,0]],"v":[[-52.919,-5.986],[-2.919,-55.986],[2.919,-55.986],[52.919,-5.986],[52.919,45.986],[42.919,55.986],[-42.919,55.986],[-52.919,45.986]],"c":true},"ix":2},"nm":"Path 1","mn":"ADBE Vector Shape - Group","hd":false},{"ty":"fl","c":{"a":0,"k":[0.972999961703,0.776000019148,0.855000035903,1],"ix":4},"o":{"a":0,"k":100,"ix":5},"r":1,"bm":0,"nm":"Fill 1","mn":"ADBE Vector Graphic - Fill","hd":false},{"ty":"tr","p":{"a":0,"k":[53.169,56.236],"ix":2},"a":{"a":0,"k":[0,0],"ix":1},"s":{"a":0,"k":[100,100],"ix":3},"r":{"a":0,"k":0,"ix":6},"o":{"a":0,"k":100,"ix":7},"sk":{"a":0,"k":0,"ix":4},"sa":{"a":0,"k":0,"ix":5},"nm":"Transform"}],"nm":"Group 1","np":2,"cix":2,"bm":0,"ix":1,"mn":"ADBE Vector Group","hd":false}],"ip":0,"op":3926,"st":0,"bm":0},{"ddd":0,"ind":28,"ty":0,"nm":"Pre-comp 1 Comp 1","refId":"comp_0","sr":1,"ks":{"o":{"a":0,"k":100,"ix":11},"r":{"a":0,"k":0,"ix":10},"p":{"a":0,"k":[405,333.5,0],"ix":2},"a":{"a":0,"k":[645,517.5,0],"ix":1},"s":{"a":0,"k":[100,100,100],"ix":6}},"ao":0,"tm":{"a":1,"k":[{"i":{"x":[0.833],"y":[0.833]},"o":{"x":[0.167],"y":[0.167]},"t":-72,"s":[0]},{"t":78,"s":[5]}],"ix":2,"x":"var $bm_rt;\n$bm_rt = loopOut('cycle', 0);"},"w":1290,"h":1035,"ip":-72,"op":3854,"st":-72,"bm":0},{"ddd":0,"ind":29,"ty":4,"nm":"Слой 25 Outlines 4","sr":1,"ks":{"o":{"a":0,"k":100,"ix":11},"r":{"a":1,"k":[{"i":{"x":[0.833],"y":[0.833]},"o":{"x":[0.167],"y":[0.167]},"t":0,"s":[0]},{"t":150,"s":[90]}],"ix":10},"p":{"a":0,"k":[760.498,68.401,0],"ix":2},"a":{"a":0,"k":[250.5,13.5,0],"ix":1},"s":{"a":0,"k":[300,300,100],"ix":6}},"ao":0,"shapes":[{"ty":"gr","it":[{"ind":0,"ty":"sh","ix":1,"ks":{"a":0,"k":{"i":[[-2.036,-2.036],[-0.21,-4.214],[-2.036,2.037],[-4.212,0.21],[2.036,2.036],[0.211,4.213],[2.036,-2.037],[4.213,-0.21]],"o":[[2.036,2.037],[0.211,-4.214],[2.036,-2.036],[-4.212,-0.21],[-2.036,-2.037],[-0.21,4.213],[-2.036,2.036],[4.143,0.21]],"v":[[115.27,-71.453],[118.5,-62.183],[121.731,-71.453],[131,-74.683],[121.731,-77.913],[118.5,-87.183],[115.27,-77.913],[106,-74.683]],"c":true},"ix":2},"nm":"Path 1","mn":"ADBE Vector Shape - Group","hd":false},{"ty":"st","c":{"a":0,"k":[0.122000002394,0.141000007181,0.234999997008,1],"ix":3},"o":{"a":0,"k":100,"ix":4},"w":{"a":0,"k":1,"ix":5},"lc":2,"lj":2,"bm":0,"nm":"Stroke 1","mn":"ADBE Vector Graphic - Stroke","hd":false},{"ty":"tr","p":{"a":0,"k":[132,88.183],"ix":2},"a":{"a":0,"k":[0,0],"ix":1},"s":{"a":0,"k":[100,100],"ix":3},"r":{"a":0,"k":0,"ix":6},"o":{"a":0,"k":100,"ix":7},"sk":{"a":0,"k":0,"ix":4},"sa":{"a":0,"k":0,"ix":5},"nm":"Transform"}],"nm":"Group 1","np":2,"cix":2,"bm":0,"ix":1,"mn":"ADBE Vector Group","hd":false}],"ip":0,"op":3926,"st":0,"bm":0},{"ddd":0,"ind":30,"ty":4,"nm":"Слой 25 Outlines 3","sr":1,"ks":{"o":{"a":0,"k":100,"ix":11},"r":{"a":1,"k":[{"i":{"x":[0.833],"y":[0.833]},"o":{"x":[0.167],"y":[0.167]},"t":0,"s":[0]},{"t":150,"s":[-180]}],"ix":10},"p":{"a":0,"k":[49.498,516.499,0],"ix":2},"a":{"a":0,"k":[13.5,162.866,0],"ix":1},"s":{"a":0,"k":[300,300,100],"ix":6}},"ao":0,"shapes":[{"ty":"gr","it":[{"ind":0,"ty":"sh","ix":1,"ks":{"a":0,"k":{"i":[[-2.037,-2.036],[-0.209,-4.213],[-2.036,2.036],[-4.212,0.211],[2.038,2.036],[0.21,4.213],[2.037,-2.036],[4.214,-0.211]],"o":[[2.037,2.036],[0.21,-4.213],[2.038,-2.036],[-4.212,-0.211],[-2.036,-2.036],[-0.209,4.213],[-2.037,2.036],[4.144,0.211]],"v":[[-121.73,77.914],[-118.5,87.183],[-115.27,77.914],[-106,74.683],[-115.27,71.453],[-118.5,62.183],[-121.73,71.453],[-131,74.683]],"c":true},"ix":2},"nm":"Path 2","mn":"ADBE Vector Shape - Group","hd":false},{"ty":"st","c":{"a":0,"k":[0.122000002394,0.141000007181,0.234999997008,1],"ix":3},"o":{"a":0,"k":100,"ix":4},"w":{"a":0,"k":1,"ix":5},"lc":2,"lj":2,"bm":0,"nm":"Stroke 1","mn":"ADBE Vector Graphic - Stroke","hd":false},{"ty":"tr","p":{"a":0,"k":[132,88.183],"ix":2},"a":{"a":0,"k":[0,0],"ix":1},"s":{"a":0,"k":[100,100],"ix":3},"r":{"a":0,"k":0,"ix":6},"o":{"a":0,"k":100,"ix":7},"sk":{"a":0,"k":0,"ix":4},"sa":{"a":0,"k":0,"ix":5},"nm":"Transform"}],"nm":"Group 2","np":2,"cix":2,"bm":0,"ix":1,"mn":"ADBE Vector Group","hd":false}],"ip":0,"op":3926,"st":0,"bm":0},{"ddd":0,"ind":31,"ty":4,"nm":"Слой 25 Outlines 7","parent":29,"sr":1,"ks":{"o":{"a":0,"k":100,"ix":11},"r":{"a":0,"k":0,"ix":10},"p":{"a":0,"k":[132,88.183,0],"ix":2},"a":{"a":0,"k":[132,88.183,0],"ix":1},"s":{"a":0,"k":[100,100,100],"ix":6}},"ao":0,"shapes":[{"ty":"gr","it":[{"ind":0,"ty":"sh","ix":1,"ks":{"a":0,"k":{"i":[[-2.036,-2.036],[-0.21,-4.214],[-2.036,2.037],[-4.212,0.21],[2.036,2.036],[0.211,4.213],[2.036,-2.037],[4.213,-0.21]],"o":[[2.036,2.037],[0.211,-4.214],[2.036,-2.036],[-4.212,-0.21],[-2.036,-2.037],[-0.21,4.213],[-2.036,2.036],[4.143,0.21]],"v":[[115.27,-71.453],[118.5,-62.183],[121.731,-71.453],[131,-74.683],[121.731,-77.913],[118.5,-87.183],[115.27,-77.913],[106,-74.683]],"c":true},"ix":2},"nm":"Path 1","mn":"ADBE Vector Shape - Group","hd":false},{"ty":"fl","c":{"a":0,"k":[0.972999961703,0.894000004787,0.522000002394,1],"ix":4},"o":{"a":0,"k":100,"ix":5},"r":1,"bm":0,"nm":"Fill 1","mn":"ADBE Vector Graphic - Fill","hd":false},{"ty":"tr","p":{"a":0,"k":[132,88.183],"ix":2},"a":{"a":0,"k":[0,0],"ix":1},"s":{"a":0,"k":[100,100],"ix":3},"r":{"a":0,"k":0,"ix":6},"o":{"a":0,"k":100,"ix":7},"sk":{"a":0,"k":0,"ix":4},"sa":{"a":0,"k":0,"ix":5},"nm":"Transform"}],"nm":"Group 2","np":2,"cix":2,"bm":0,"ix":1,"mn":"ADBE Vector Group","hd":false}],"ip":0,"op":3926,"st":0,"bm":0},{"ddd":0,"ind":32,"ty":4,"nm":"Слой 25 Outlines","parent":30,"sr":1,"ks":{"o":{"a":0,"k":100,"ix":11},"r":{"a":0,"k":0,"ix":10},"p":{"a":0,"k":[132,88.183,0],"ix":2},"a":{"a":0,"k":[132,88.183,0],"ix":1},"s":{"a":0,"k":[100,100,100],"ix":6}},"ao":0,"shapes":[{"ty":"gr","it":[{"ind":0,"ty":"sh","ix":1,"ks":{"a":0,"k":{"i":[[-2.037,-2.036],[-0.209,-4.213],[-2.036,2.036],[-4.212,0.211],[2.038,2.036],[0.21,4.213],[2.037,-2.036],[4.214,-0.211]],"o":[[2.037,2.036],[0.21,-4.213],[2.038,-2.036],[-4.212,-0.211],[-2.036,-2.036],[-0.209,4.213],[-2.037,2.036],[4.144,0.211]],"v":[[-121.73,77.914],[-118.5,87.183],[-115.27,77.914],[-106,74.683],[-115.27,71.453],[-118.5,62.183],[-121.73,71.453],[-131,74.683]],"c":true},"ix":2},"nm":"Path 2","mn":"ADBE Vector Shape - Group","hd":false},{"ty":"fl","c":{"a":0,"k":[0.972999961703,0.894000004787,0.522000002394,1],"ix":4},"o":{"a":0,"k":100,"ix":5},"r":1,"bm":0,"nm":"Fill 1","mn":"ADBE Vector Graphic - Fill","hd":false},{"ty":"tr","p":{"a":0,"k":[132,88.183],"ix":2},"a":{"a":0,"k":[0,0],"ix":1},"s":{"a":0,"k":[100,100],"ix":3},"r":{"a":0,"k":0,"ix":6},"o":{"a":0,"k":100,"ix":7},"sk":{"a":0,"k":0,"ix":4},"sa":{"a":0,"k":0,"ix":5},"nm":"Transform"}],"nm":"Group 2","np":2,"cix":2,"bm":0,"ix":1,"mn":"ADBE Vector Group","hd":false}],"ip":0,"op":3926,"st":0,"bm":0}],"markers":[]}