{"v":"5.6.2","fr":24,"ip":0,"op":121,"w":572,"h":475,"nm":"plagiarism-check","ddd":0,"assets":[{"id":"comp_0","layers":[{"ddd":0,"ind":1,"ty":4,"nm":"Слой 1 Outlines 5","td":1,"sr":1,"ks":{"o":{"a":0,"k":100,"ix":11},"r":{"a":0,"k":0,"ix":10},"p":{"a":0,"k":[300.34,225.789,0],"ix":2},"a":{"a":0,"k":[312.904,225.987,0],"ix":1},"s":{"a":0,"k":[100,100,100],"ix":6}},"ao":0,"shapes":[{"ty":"gr","it":[{"ind":0,"ty":"sh","ix":1,"ks":{"a":0,"k":{"i":[[0,0],[53.058,62.419],[167.191,0],[140.645,-8.92],[18.929,-60.732],[-102.154,-14.003],[-36.999,7.62],[-92.941,-13.787]],"o":[[92.939,13.786],[-53.056,-62.419],[-76.907,0],[-64.664,4.1],[-18.93,60.733],[53.143,7.286],[66.534,-13.703],[0,0]],"v":[[100.157,181.04],[273.936,47.846],[78.99,-225.737],[-151.919,-126.367],[-279.384,-46.539],[-173.674,218.451],[-52.712,171.555],[100.156,181.04]],"c":true},"ix":2},"nm":"Path 1","mn":"ADBE Vector Shape - Group","hd":false},{"ty":"fl","c":{"a":0,"k":[0.944999964097,0.948999980852,0.980000035903,1],"ix":4},"o":{"a":0,"k":100,"ix":5},"r":1,"bm":0,"nm":"Fill 1","mn":"ADBE Vector Graphic - Fill","hd":false},{"ty":"tr","p":{"a":0,"k":[298.564,225.987],"ix":2},"a":{"a":0,"k":[0,0],"ix":1},"s":{"a":0,"k":[100,100],"ix":3},"r":{"a":0,"k":0,"ix":6},"o":{"a":0,"k":100,"ix":7},"sk":{"a":0,"k":0,"ix":4},"sa":{"a":0,"k":0,"ix":5},"nm":"Transform"}],"nm":"Group 1","np":2,"cix":2,"bm":0,"ix":1,"mn":"ADBE Vector Group","hd":false}],"ip":0,"op":241,"st":0,"bm":0},{"ddd":0,"ind":2,"ty":4,"nm":"Слой 10 Outlines 3","tt":1,"sr":1,"ks":{"o":{"a":0,"k":100,"ix":11},"r":{"a":1,"k":[{"i":{"x":[0.48],"y":[1]},"o":{"x":[0.52],"y":[0]},"t":0,"s":[-8.632]},{"i":{"x":[0.48],"y":[1]},"o":{"x":[0.52],"y":[0]},"t":24,"s":[0]},{"i":{"x":[0.48],"y":[1]},"o":{"x":[0.52],"y":[0]},"t":72,"s":[0]},{"t":96,"s":[-8.632]}],"ix":10},"p":{"a":1,"k":[{"i":{"x":0.48,"y":1},"o":{"x":0.52,"y":0},"t":0,"s":[299.279,479.906,0],"to":[0,0,0],"ti":[0,0,0]},{"i":{"x":0.48,"y":0.48},"o":{"x":0.52,"y":0.52},"t":24,"s":[299.279,401.906,0],"to":[0,0,0],"ti":[0,0,0]},{"i":{"x":0.48,"y":1},"o":{"x":0.52,"y":0},"t":72,"s":[299.279,401.906,0],"to":[0,0,0],"ti":[0,0,0]},{"t":96,"s":[299.279,479.906,0]}],"ix":2},"a":{"a":0,"k":[208.086,263.756,0],"ix":1},"s":{"a":0,"k":[100,100,100],"ix":6}},"ao":0,"shapes":[{"ty":"gr","it":[{"ind":0,"ty":"sh","ix":1,"ks":{"a":0,"k":{"i":[[0,0],[0,0],[0,0],[0,0],[0,0],[0,0],[0,0],[0,0],[0,0],[0,0],[0,0],[0,0]],"o":[[0,0],[0,0],[0,0],[0,0],[0,0],[0,0],[0,0],[0,0],[0,0],[0,0],[0,0],[0,0]],"v":[[-1.204,4.805],[-1.204,1.234],[-4.805,1.234],[-4.805,-1.232],[-1.204,-1.232],[-1.204,-4.804],[1.195,-4.804],[1.195,-1.232],[4.805,-1.232],[4.805,1.234],[1.195,1.234],[1.195,4.805]],"c":true},"ix":2},"nm":"Path 1","mn":"ADBE Vector Shape - Group","hd":false},{"ty":"fl","c":{"a":0,"k":[1,1,1,1],"ix":4},"o":{"a":0,"k":100,"ix":5},"r":1,"bm":0,"nm":"Fill 1","mn":"ADBE Vector Graphic - Fill","hd":false},{"ty":"tr","p":{"a":0,"k":[234.674,136.467],"ix":2},"a":{"a":0,"k":[0,0],"ix":1},"s":{"a":0,"k":[100,100],"ix":3},"r":{"a":0,"k":0,"ix":6},"o":{"a":0,"k":100,"ix":7},"sk":{"a":0,"k":0,"ix":4},"sa":{"a":0,"k":0,"ix":5},"nm":"Transform"}],"nm":"Group 1","np":2,"cix":2,"bm":0,"ix":1,"mn":"ADBE Vector Group","hd":false},{"ty":"gr","it":[{"ind":0,"ty":"sh","ix":1,"ks":{"a":0,"k":{"i":[[0,0],[0,0],[0,0]],"o":[[0,0],[0,0],[0,0]],"v":[[1.786,1.435],[-0.108,-3.665],[-1.964,1.435]],"c":true},"ix":2},"nm":"Path 1","mn":"ADBE Vector Shape - Group","hd":false},{"ind":1,"ty":"sh","ix":2,"ks":{"a":0,"k":{"i":[[0,0],[0,0],[0,0],[0,0],[0,0],[0,0],[0,0],[0,0]],"o":[[0,0],[0,0],[0,0],[0,0],[0,0],[0,0],[0,0],[0,0]],"v":[[6.895,6.872],[3.877,6.872],[2.677,3.75],[-2.817,3.75],[-3.951,6.872],[-6.895,6.872],[-1.542,-6.872],[1.392,-6.872]],"c":true},"ix":2},"nm":"Path 2","mn":"ADBE Vector Shape - Group","hd":false},{"ty":"fl","c":{"a":0,"k":[1,1,1,1],"ix":4},"o":{"a":0,"k":100,"ix":5},"r":1,"bm":0,"nm":"Fill 1","mn":"ADBE Vector Graphic - Fill","hd":false},{"ty":"tr","p":{"a":0,"k":[222.102,136.378],"ix":2},"a":{"a":0,"k":[0,0],"ix":1},"s":{"a":0,"k":[100,100],"ix":3},"r":{"a":0,"k":0,"ix":6},"o":{"a":0,"k":100,"ix":7},"sk":{"a":0,"k":0,"ix":4},"sa":{"a":0,"k":0,"ix":5},"nm":"Transform"}],"nm":"Group 2","np":3,"cix":2,"bm":0,"ix":2,"mn":"ADBE Vector Group","hd":false},{"ty":"gr","it":[{"ind":0,"ty":"sh","ix":1,"ks":{"a":0,"k":{"i":[[-3.535,0],[0,0],[0,-3.535],[0,0],[3.534,0],[0,0],[0,3.534],[0,0]],"o":[[0,0],[3.534,0],[0,0],[0,3.534],[0,0],[-3.535,0],[0,0],[0,-3.535]],"v":[[-21.999,-15.2],[22.001,-15.2],[28.4,-8.8],[28.4,8.8],[22.001,15.2],[-21.999,15.2],[-28.4,8.8],[-28.4,-8.8]],"c":true},"ix":2},"nm":"Path 1","mn":"ADBE Vector Shape - Group","hd":false},{"ty":"fl","c":{"a":0,"k":[0.685999971278,0.933000033509,0.877999997606,1],"ix":4},"o":{"a":0,"k":100,"ix":5},"r":1,"bm":0,"nm":"Fill 1","mn":"ADBE Vector Graphic - Fill","hd":false},{"ty":"tr","p":{"a":0,"k":[229.207,137.05],"ix":2},"a":{"a":0,"k":[0,0],"ix":1},"s":{"a":0,"k":[100,100],"ix":3},"r":{"a":0,"k":0,"ix":6},"o":{"a":0,"k":100,"ix":7},"sk":{"a":0,"k":0,"ix":4},"sa":{"a":0,"k":0,"ix":5},"nm":"Transform"}],"nm":"Group 3","np":2,"cix":2,"bm":0,"ix":3,"mn":"ADBE Vector Group","hd":false},{"ty":"gr","it":[{"ind":0,"ty":"sh","ix":1,"ks":{"a":0,"k":{"i":[[0,0],[0,0]],"o":[[0,0],[0,0]],"v":[[213.181,229.54],[161.233,229.54]],"c":false},"ix":2},"nm":"Path 1","mn":"ADBE Vector Shape - Group","hd":false},{"ind":1,"ty":"sh","ix":2,"ks":{"a":0,"k":{"i":[[0,0],[0,0]],"o":[[0,0],[0,0]],"v":[[213.181,207.14],[161.233,207.14]],"c":false},"ix":2},"nm":"Path 2","mn":"ADBE Vector Shape - Group","hd":false},{"ind":2,"ty":"sh","ix":3,"ks":{"a":0,"k":{"i":[[0,0],[0,0]],"o":[[0,0],[0,0]],"v":[[210.007,187.178],[161.207,187.178]],"c":false},"ix":2},"nm":"Path 3","mn":"ADBE Vector Shape - Group","hd":false},{"ind":3,"ty":"sh","ix":4,"ks":{"a":0,"k":{"i":[[0,0],[0,0]],"o":[[0,0],[0,0]],"v":[[254.807,169.431],[161.207,169.431]],"c":false},"ix":2},"nm":"Path 4","mn":"ADBE Vector Shape - Group","hd":false},{"ty":"st","c":{"a":0,"k":[0.894000004787,0.902000038297,0.948999980852,1],"ix":3},"o":{"a":0,"k":100,"ix":4},"w":{"a":0,"k":3.2,"ix":5},"lc":2,"lj":1,"ml":4,"bm":0,"nm":"Stroke 1","mn":"ADBE Vector Graphic - Stroke","hd":false},{"ty":"tr","p":{"a":0,"k":[0,0],"ix":2},"a":{"a":0,"k":[0,0],"ix":1},"s":{"a":0,"k":[100,100],"ix":3},"r":{"a":0,"k":0,"ix":6},"o":{"a":0,"k":100,"ix":7},"sk":{"a":0,"k":0,"ix":4},"sa":{"a":0,"k":0,"ix":5},"nm":"Transform"}],"nm":"Group 4","np":5,"cix":2,"bm":0,"ix":4,"mn":"ADBE Vector Group","hd":false},{"ty":"gr","it":[{"ind":0,"ty":"sh","ix":1,"ks":{"a":0,"k":{"i":[[0,0],[0,0],[-0.292,0.514],[-0.336,0.499],[-0.328,0.433],[-0.225,0.197],[-0.687,0.182],[-1.067,0.028],[-0.393,0.014],[-0.393,0],[0,0],[-0.014,-1.207],[0,-1.32],[0,0],[0.042,-0.743],[0.225,-0.31],[0.773,-0.225],[0.617,-0.112],[0,0],[0,0],[0,0],[0.673,0.195],[0.646,0.73],[0.07,0.322],[0.043,0.407],[0.014,0.477],[0,0.449],[0.014,0.646],[0.014,0.786],[0,0.841],[0,0],[0,0],[-0.407,-0.013],[-0.533,0],[-0.688,-0.226],[-0.59,-0.562],[-0.295,-0.393],[-0.323,-0.463],[-0.294,-0.533],[-0.184,-0.539],[0,0],[0,0],[0.548,-0.084],[1.039,-0.028],[0.843,-0.014],[0.786,0],[0,0],[0.786,0.014],[0,0],[1.066,0],[0.604,0.127],[0.617,0.189]],"o":[[0,0],[0.242,-0.539],[0.295,-0.525],[0.304,-0.45],[0.308,-0.407],[0.59,-0.56],[0.688,-0.183],[0.533,0],[0.393,-0.014],[0,0],[0,0.702],[0.015,1.207],[0,0],[0,0.814],[-0.042,0.744],[-0.42,0.617],[-0.771,0.224],[0,0],[0,0],[0,0],[-0.73,-0.084],[-0.674,-0.198],[-0.14,-0.14],[-0.07,-0.323],[-0.042,-0.407],[-0.014,-0.477],[0,-0.393],[-0.014,-0.646],[-0.014,-0.786],[0,0],[0,0],[0.366,0],[0.407,0.015],[1.067,0.028],[0.688,0.223],[0.224,0.197],[0.294,0.393],[0.323,0.463],[0.279,0.497],[0,0],[0,0],[-0.646,0.14],[-0.547,0.085],[-1.066,0.028],[-0.842,0.014],[0,0],[-0.842,0],[0,0],[-0.842,-0.014],[-0.927,-0.028],[-0.632,-0.133],[0,0]],"v":[[-16,-7.158],[-15.621,-7.031],[-14.821,-8.611],[-13.874,-10.147],[-12.926,-11.473],[-12.126,-12.379],[-10.211,-13.494],[-7.579,-13.81],[-6.189,-13.831],[-5.011,-13.852],[-2.232,-13.852],[-2.211,-10.989],[-2.189,-7.199],[-2.189,9.264],[-2.253,11.6],[-2.653,13.18],[-4.443,14.443],[-6.526,14.948],[-6.526,15.368],[7.158,15.368],[7.158,14.948],[5.053,14.528],[3.073,13.137],[2.758,12.443],[2.589,11.348],[2.505,10.021],[2.485,8.632],[2.463,7.074],[2.421,4.927],[2.4,2.486],[2.4,-13.852],[5.178,-13.852],[6.337,-13.832],[7.747,-13.81],[10.379,-13.43],[12.295,-12.252],[13.074,-11.368],[14,-10.084],[14.926,-8.589],[15.621,-7.031],[16,-7.157],[14.737,-15.157],[12.947,-14.821],[10.568,-14.652],[7.705,-14.589],[5.263,-14.568],[-2.737,-14.568],[-5.179,-14.589],[-7.621,-14.631],[-10.484,-14.652],[-12.779,-14.884],[-14.653,-15.368]],"c":true},"ix":2},"nm":"Path 1","mn":"ADBE Vector Shape - Group","hd":false},{"ty":"fl","c":{"a":0,"k":[0.776000019148,0.795999983245,0.870999983245,1],"ix":4},"o":{"a":0,"k":100,"ix":5},"r":1,"bm":0,"nm":"Fill 1","mn":"ADBE Vector Graphic - Fill","hd":false},{"ty":"tr","p":{"a":0,"k":[172.807,137.218],"ix":2},"a":{"a":0,"k":[0,0],"ix":1},"s":{"a":0,"k":[100,100],"ix":3},"r":{"a":0,"k":0,"ix":6},"o":{"a":0,"k":100,"ix":7},"sk":{"a":0,"k":0,"ix":4},"sa":{"a":0,"k":0,"ix":5},"nm":"Transform"}],"nm":"Group 5","np":2,"cix":2,"bm":0,"ix":5,"mn":"ADBE Vector Group","hd":false},{"ty":"gr","it":[{"ind":0,"ty":"sh","ix":1,"ks":{"a":0,"k":{"i":[[0,0],[1.249,12.401],[1.233,0],[0,0],[0,-1.326],[0,-23.021],[1.506,-36.925],[-1.325,-0.054],[-0.205,0.046],[-16.005,-3.4],[-27.661,0.818],[-0.603,11.273],[0.456,5.033],[-0.016,0.422]],"o":[[-0.317,-15.331],[-0.124,-1.226],[0,0],[-1.326,0],[1.467,19.707],[0,23.377],[-0.054,1.324],[0.209,0.008],[24.575,-5.517],[16.227,3.447],[0.753,-0.022],[0.37,-6.926],[-2.142,-23.588],[0,0]],"v":[[62.604,-36.687],[60.253,-78.285],[57.865,-80.445],[-69.38,-80.445],[-71.78,-78.044],[-69.583,-14.04],[-71.842,76.414],[-69.542,78.91],[-68.918,78.854],[-8.048,75.681],[57.786,79.626],[71.44,65.009],[71.44,17.861],[62.368,6.48]],"c":false},"ix":2},"nm":"Path 1","mn":"ADBE Vector Shape - Group","hd":false},{"ind":1,"ty":"sh","ix":2,"ks":{"a":0,"k":{"i":[[0,0],[0.034,3.013]],"o":[[0,-3.12],[0,0]],"v":[[62.768,-20.424],[62.717,-29.626]],"c":false},"ix":2},"nm":"Path 2","mn":"ADBE Vector Shape - Group","hd":false},{"ty":"fl","c":{"a":0,"k":[1,1,1,1],"ix":4},"o":{"a":0,"k":100,"ix":5},"r":1,"bm":0,"nm":"Fill 1","mn":"ADBE Vector Graphic - Fill","hd":false},{"ty":"tr","p":{"a":0,"k":[213.333,183.894],"ix":2},"a":{"a":0,"k":[0,0],"ix":1},"s":{"a":0,"k":[100,100],"ix":3},"r":{"a":0,"k":0,"ix":6},"o":{"a":0,"k":100,"ix":7},"sk":{"a":0,"k":0,"ix":4},"sa":{"a":0,"k":0,"ix":5},"nm":"Transform"}],"nm":"Group 6","np":3,"cix":2,"bm":0,"ix":6,"mn":"ADBE Vector Group","hd":false},{"ty":"gr","it":[{"ind":0,"ty":"sh","ix":1,"ks":{"a":0,"k":{"i":[[0,0],[1.249,12.401],[1.233,0],[0,0],[0,-1.325],[0,-23.021],[1.506,-36.925],[-1.325,-0.054],[-0.204,0.045],[-16.005,-3.401],[-27.662,0.817],[-0.604,11.273],[-0.019,0.51]],"o":[[-0.319,-15.331],[-0.123,-1.227],[0,0],[-1.325,0],[1.467,19.708],[0,23.379],[-0.054,1.324],[0.21,0.009],[24.575,-5.517],[16.227,3.447],[0.752,-0.022],[2.103,-39.387],[0,0]],"v":[[122.03,30.513],[119.678,-17.101],[117.29,-19.261],[-9.955,-19.261],[-12.355,-16.861],[-10.158,53.159],[-12.417,126.014],[-10.117,128.51],[-9.493,128.455],[51.377,125.282],[117.211,129.227],[141.155,102.523],[121.793,73.681]],"c":false},"ix":2},"nm":"Path 2","mn":"ADBE Vector Shape - Group","hd":false},{"ind":1,"ty":"sh","ix":2,"ks":{"a":0,"k":{"i":[[0,0],[0.034,3.014]],"o":[[0,-3.12],[0,0]],"v":[[122.193,46.776],[122.142,37.574]],"c":false},"ix":2},"nm":"Path 3","mn":"ADBE Vector Shape - Group","hd":false},{"ty":"fl","c":{"a":0,"k":[0.776000019148,0.795999983245,0.870999983245,1],"ix":4},"o":{"a":0,"k":100,"ix":5},"r":1,"bm":0,"nm":"Fill 1","mn":"ADBE Vector Graphic - Fill","hd":false},{"ty":"tr","p":{"a":0,"k":[143.508,130.294],"ix":2},"a":{"a":0,"k":[0,0],"ix":1},"s":{"a":0,"k":[100,100],"ix":3},"r":{"a":0,"k":0,"ix":6},"o":{"a":0,"k":100,"ix":7},"sk":{"a":0,"k":0,"ix":4},"sa":{"a":0,"k":0,"ix":5},"nm":"Transform"}],"nm":"Group 7","np":3,"cix":2,"bm":0,"ix":7,"mn":"ADBE Vector Group","hd":false}],"ip":0,"op":241,"st":0,"bm":0}]}],"layers":[{"ddd":0,"ind":1,"ty":4,"nm":"Слой 1 Outlines 4","td":1,"sr":1,"ks":{"o":{"a":0,"k":100,"ix":11},"r":{"a":0,"k":0,"ix":10},"p":{"a":0,"k":[300.34,225.789,0],"ix":2},"a":{"a":0,"k":[312.904,225.987,0],"ix":1},"s":{"a":0,"k":[100,100,100],"ix":6}},"ao":0,"shapes":[{"ty":"gr","it":[{"ind":0,"ty":"sh","ix":1,"ks":{"a":0,"k":{"i":[[0,0],[53.058,62.419],[167.191,0],[140.645,-8.92],[18.929,-60.732],[-102.154,-14.003],[-36.999,7.62],[-92.941,-13.787]],"o":[[92.939,13.786],[-53.056,-62.419],[-76.907,0],[-64.664,4.1],[-18.93,60.733],[53.143,7.286],[66.534,-13.703],[0,0]],"v":[[100.157,181.04],[273.936,47.846],[78.99,-225.737],[-151.919,-126.367],[-279.384,-46.539],[-173.674,218.451],[-52.712,171.555],[100.156,181.04]],"c":true},"ix":2},"nm":"Path 1","mn":"ADBE Vector Shape - Group","hd":false},{"ty":"fl","c":{"a":0,"k":[0.944999964097,0.948999980852,0.980000035903,1],"ix":4},"o":{"a":0,"k":100,"ix":5},"r":1,"bm":0,"nm":"Fill 1","mn":"ADBE Vector Graphic - Fill","hd":false},{"ty":"tr","p":{"a":0,"k":[298.564,225.987],"ix":2},"a":{"a":0,"k":[0,0],"ix":1},"s":{"a":0,"k":[100,100],"ix":3},"r":{"a":0,"k":0,"ix":6},"o":{"a":0,"k":100,"ix":7},"sk":{"a":0,"k":0,"ix":4},"sa":{"a":0,"k":0,"ix":5},"nm":"Transform"}],"nm":"Group 1","np":2,"cix":2,"bm":0,"ix":1,"mn":"ADBE Vector Group","hd":false}],"ip":0,"op":121,"st":0,"bm":0},{"ddd":0,"ind":2,"ty":4,"nm":"Слой 12 Outlines","tt":1,"sr":1,"ks":{"o":{"a":0,"k":100,"ix":11},"r":{"a":1,"k":[{"i":{"x":[0.35],"y":[1]},"o":{"x":[0.65],"y":[0]},"t":0,"s":[-58.164]},{"i":{"x":[0.833],"y":[1]},"o":{"x":[0.65],"y":[0]},"t":48,"s":[0]},{"t":96,"s":[41.924]}],"ix":10},"p":{"a":1,"k":[{"i":{"x":0.35,"y":1},"o":{"x":0.65,"y":0},"t":0,"s":[525.206,427.882,0],"to":[-32.583,26.833,0],"ti":[50.542,-5.5,0]},{"i":{"x":0.35,"y":1},"o":{"x":0.65,"y":0},"t":48,"s":[349.456,364.382,0],"to":[-50.542,5.5,0],"ti":[21.75,-43.583,0]},{"t":96,"s":[221.956,460.882,0]}],"ix":2},"a":{"a":0,"k":[55.624,48.382,0],"ix":1},"s":{"a":0,"k":[100,100,100],"ix":6}},"ao":0,"shapes":[{"ty":"gr","it":[{"ind":0,"ty":"sh","ix":1,"ks":{"a":0,"k":{"i":[[20.104,0],[0,20.103],[-20.103,0],[0,-20.103]],"o":[[-20.103,0],[0,-20.103],[20.104,0],[0,20.103]],"v":[[3.084,5.646],[-33.316,-30.754],[3.084,-67.154],[39.484,-30.754]],"c":true},"ix":2},"nm":"Path 1","mn":"ADBE Vector Shape - Group","hd":false},{"ind":1,"ty":"sh","ix":2,"ks":{"a":0,"k":{"i":[[0,0],[24.743,0],[0,-24.742],[-12.849,-7.876]],"o":[[0,-24.742],[-24.742,0],[0,16.174],[0,0]],"v":[[48.283,-31.154],[3.484,-75.954],[-41.316,-31.154],[-19.895,7.069]],"c":false},"ix":2},"nm":"Path 2","mn":"ADBE Vector Shape - Group","hd":false},{"ind":2,"ty":"sh","ix":3,"ks":{"a":0,"k":{"i":[[0,0],[0,0],[0.116,-0.319],[-5.021,-1.83],[-2.189,5.568],[0,0],[-2.884,0.001],[-7.164,15.206]],"o":[[0,0],[-0.15,0.306],[-1.83,5.022],[5.621,2.048],[0,0],[2.832,0.549],[17.922,0],[0,0]],"v":[[-25.646,18.83],[-46.055,60.561],[-46.454,61.499],[-40.675,73.906],[-26.635,67.578],[-5.111,12.822],[3.484,13.646],[44.033,-12.084]],"c":false},"ix":2},"nm":"Path 3","mn":"ADBE Vector Shape - Group","hd":false},{"ty":"st","c":{"a":0,"k":[0.169000004787,0.176000004189,0.219999994016,1],"ix":3},"o":{"a":0,"k":100,"ix":4},"w":{"a":0,"k":2.4,"ix":5},"lc":1,"lj":1,"ml":4,"bm":0,"nm":"Stroke 1","mn":"ADBE Vector Graphic - Stroke","hd":false},{"ty":"tr","p":{"a":0,"k":[50.683,78.354],"ix":2},"a":{"a":0,"k":[0,0],"ix":1},"s":{"a":0,"k":[100,100],"ix":3},"r":{"a":0,"k":0,"ix":6},"o":{"a":0,"k":100,"ix":7},"sk":{"a":0,"k":0,"ix":4},"sa":{"a":0,"k":0,"ix":5},"nm":"Transform"}],"nm":"Group 1","np":4,"cix":2,"bm":0,"ix":1,"mn":"ADBE Vector Group","hd":false}],"ip":0,"op":121,"st":0,"bm":0},{"ddd":0,"ind":3,"ty":4,"nm":"Слой 1 Outlines 3","td":1,"sr":1,"ks":{"o":{"a":0,"k":100,"ix":11},"r":{"a":0,"k":0,"ix":10},"p":{"a":0,"k":[300.34,225.789,0],"ix":2},"a":{"a":0,"k":[312.904,225.987,0],"ix":1},"s":{"a":0,"k":[100,100,100],"ix":6}},"ao":0,"shapes":[{"ty":"gr","it":[{"ind":0,"ty":"sh","ix":1,"ks":{"a":0,"k":{"i":[[0,0],[53.058,62.419],[167.191,0],[140.645,-8.92],[18.929,-60.732],[-102.154,-14.003],[-36.999,7.62],[-92.941,-13.787]],"o":[[92.939,13.786],[-53.056,-62.419],[-76.907,0],[-64.664,4.1],[-18.93,60.733],[53.143,7.286],[66.534,-13.703],[0,0]],"v":[[100.157,181.04],[273.936,47.846],[78.99,-225.737],[-151.919,-126.367],[-279.384,-46.539],[-173.674,218.451],[-52.712,171.555],[100.156,181.04]],"c":true},"ix":2},"nm":"Path 1","mn":"ADBE Vector Shape - Group","hd":false},{"ty":"fl","c":{"a":0,"k":[0.944999964097,0.948999980852,0.980000035903,1],"ix":4},"o":{"a":0,"k":100,"ix":5},"r":1,"bm":0,"nm":"Fill 1","mn":"ADBE Vector Graphic - Fill","hd":false},{"ty":"tr","p":{"a":0,"k":[298.564,225.987],"ix":2},"a":{"a":0,"k":[0,0],"ix":1},"s":{"a":0,"k":[100,100],"ix":3},"r":{"a":0,"k":0,"ix":6},"o":{"a":0,"k":100,"ix":7},"sk":{"a":0,"k":0,"ix":4},"sa":{"a":0,"k":0,"ix":5},"nm":"Transform"}],"nm":"Group 1","np":2,"cix":2,"bm":0,"ix":1,"mn":"ADBE Vector Group","hd":false}],"ip":0,"op":121,"st":0,"bm":0},{"ddd":0,"ind":4,"ty":4,"nm":"Слой 12 Outlines 2","parent":2,"tt":1,"sr":1,"ks":{"o":{"a":0,"k":100,"ix":11},"r":{"a":1,"k":[{"i":{"x":[0.35],"y":[1]},"o":{"x":[0.65],"y":[0]},"t":0,"s":[5.659]},{"t":48,"s":[0]}],"ix":10},"p":{"a":1,"k":[{"i":{"x":0.35,"y":1},"o":{"x":0.65,"y":0},"t":0,"s":[56.019,49.019,0],"to":[-0.066,-0.106,0],"ti":[0.066,0.106,0]},{"t":48,"s":[55.624,48.382,0]}],"ix":2},"a":{"a":0,"k":[55.624,48.382,0],"ix":1},"s":{"a":0,"k":[100,100,100],"ix":6}},"ao":0,"shapes":[{"ty":"gr","it":[{"ind":0,"ty":"sh","ix":1,"ks":{"a":0,"k":{"i":[[20.104,0],[0,20.103],[-20.103,0],[0,-20.103]],"o":[[-20.103,0],[0,-20.103],[20.104,0],[0,20.103]],"v":[[0.113,3.3],[-36.286,-33.1],[0.113,-69.5],[36.513,-33.1]],"c":true},"ix":2},"nm":"Path 1","mn":"ADBE Vector Shape - Group","hd":false},{"ind":1,"ty":"sh","ix":2,"ks":{"a":0,"k":{"i":[[-13.932,-9.503],[0,0],[-6.033,-3.783],[-0.72,-0.245],[-1.754,5.149],[0,0],[-2.352,-0.002],[0,27.591],[24.743,0],[0,-24.742]],"o":[[0,0],[-2.962,6.473],[0.644,0.405],[5.15,1.755],[0,0],[2.309,0.454],[24.742,0],[0,-27.59],[-24.742,0],[0,16.504]],"v":[[-20.464,9.524],[-42.988,58.734],[-37.624,76.657],[-35.569,77.635],[-23.07,71.489],[-4.32,16.453],[2.689,17.139],[45.951,-27.034],[0.513,-78.3],[-44.286,-33.5]],"c":true},"ix":2},"nm":"Path 2","mn":"ADBE Vector Shape - Group","hd":false},{"ty":"fl","c":{"a":0,"k":[0.776000019148,0.795999983245,0.870999983245,1],"ix":4},"o":{"a":0,"k":100,"ix":5},"r":1,"bm":0,"nm":"Fill 1","mn":"ADBE Vector Graphic - Fill","hd":false},{"ty":"tr","p":{"a":0,"k":[53.654,80.7],"ix":2},"a":{"a":0,"k":[0,0],"ix":1},"s":{"a":0,"k":[100,100],"ix":3},"r":{"a":0,"k":0,"ix":6},"o":{"a":0,"k":100,"ix":7},"sk":{"a":0,"k":0,"ix":4},"sa":{"a":0,"k":0,"ix":5},"nm":"Transform"}],"nm":"Group 2","np":3,"cix":2,"bm":0,"ix":1,"mn":"ADBE Vector Group","hd":false}],"ip":0,"op":121,"st":0,"bm":0},{"ddd":0,"ind":5,"ty":4,"nm":"Shape Layer 1","parent":2,"td":1,"sr":1,"ks":{"o":{"a":0,"k":100,"ix":11},"r":{"a":0,"k":0,"ix":10},"p":{"a":0,"k":[-7.833,-78.5,0],"ix":2},"a":{"a":0,"k":[0,0,0],"ix":1},"s":{"a":0,"k":[100,100,100],"ix":6}},"ao":0,"shapes":[{"ty":"gr","it":[{"d":1,"ty":"el","s":{"a":0,"k":[75,75],"ix":2},"p":{"a":0,"k":[0,0],"ix":3},"nm":"Ellipse Path 1","mn":"ADBE Vector Shape - Ellipse","hd":false},{"ty":"st","c":{"a":0,"k":[0,0,0,1],"ix":3},"o":{"a":0,"k":100,"ix":4},"w":{"a":0,"k":0,"ix":5},"lc":1,"lj":1,"ml":4,"bm":0,"nm":"Stroke 1","mn":"ADBE Vector Graphic - Stroke","hd":false},{"ty":"fl","c":{"a":0,"k":[0.007842999814,0.007842999814,0.007842999814,1],"ix":4},"o":{"a":0,"k":100,"ix":5},"r":1,"bm":0,"nm":"Fill 1","mn":"ADBE Vector Graphic - Fill","hd":false},{"ty":"tr","p":{"a":0,"k":[62.25,125],"ix":2},"a":{"a":0,"k":[0,0],"ix":1},"s":{"a":0,"k":[100,100],"ix":3},"r":{"a":0,"k":0,"ix":6},"o":{"a":0,"k":100,"ix":7},"sk":{"a":0,"k":0,"ix":4},"sa":{"a":0,"k":0,"ix":5},"nm":"Transform"}],"nm":"Ellipse 1","np":3,"cix":2,"bm":0,"ix":1,"mn":"ADBE Vector Group","hd":false}],"ip":0,"op":121,"st":0,"bm":0},{"ddd":0,"ind":6,"ty":4,"nm":"Слой 11 Outlines","tt":1,"sr":1,"ks":{"o":{"a":0,"k":100,"ix":11},"r":{"a":0,"k":0,"ix":10},"p":{"a":0,"k":[333.6,361.6,0],"ix":2},"a":{"a":0,"k":[25.05,18.65,0],"ix":1},"s":{"a":0,"k":[100,100,100],"ix":6}},"ao":0,"shapes":[{"ty":"gr","it":[{"ind":0,"ty":"sh","ix":1,"ks":{"a":0,"k":{"i":[[1.325,0],[0,0],[0,-1.326],[0,0],[-1.325,0],[0,0],[0,1.326],[0,0]],"o":[[0,0],[-1.325,0],[0,0],[0,1.326],[0,0],[1.325,0],[0,0],[0,-1.326]],"v":[[22.4,-6],[-22.4,-6],[-24.8,-3.6],[-24.8,3.6],[-22.4,6],[22.4,6],[24.8,3.6],[24.8,-3.6]],"c":true},"ix":2},"nm":"Path 1","mn":"ADBE Vector Shape - Group","hd":false},{"ty":"fl","c":{"a":0,"k":[0.685999971278,0.933000033509,0.877999997606,1],"ix":4},"o":{"a":0,"k":100,"ix":5},"r":1,"bm":0,"nm":"Fill 1","mn":"ADBE Vector Graphic - Fill","hd":false},{"ty":"tr","p":{"a":0,"k":[25.05,31.05],"ix":2},"a":{"a":0,"k":[0,0],"ix":1},"s":{"a":0,"k":[100,100],"ix":3},"r":{"a":0,"k":0,"ix":6},"o":{"a":0,"k":100,"ix":7},"sk":{"a":0,"k":0,"ix":4},"sa":{"a":0,"k":0,"ix":5},"nm":"Transform"}],"nm":"Group 1","np":2,"cix":2,"bm":0,"ix":1,"mn":"ADBE Vector Group","hd":false},{"ty":"gr","it":[{"ind":0,"ty":"sh","ix":1,"ks":{"a":0,"k":{"i":[[1.326,0],[0,0],[0,-1.325],[0,0],[-1.326,0],[0,0],[0,1.325],[0,0]],"o":[[0,0],[-1.326,0],[0,0],[0,1.325],[0,0],[1.326,0],[0,0],[0,-1.325]],"v":[[19.6,-6],[-19.599,-6],[-22,-3.601],[-22,3.6],[-19.599,6],[19.6,6],[22,3.6],[22,-3.601]],"c":true},"ix":2},"nm":"Path 1","mn":"ADBE Vector Shape - Group","hd":false},{"ty":"fl","c":{"a":0,"k":[0.685999971278,0.933000033509,0.877999997606,1],"ix":4},"o":{"a":0,"k":100,"ix":5},"r":1,"bm":0,"nm":"Fill 1","mn":"ADBE Vector Graphic - Fill","hd":false},{"ty":"tr","p":{"a":0,"k":[25.45,6.25],"ix":2},"a":{"a":0,"k":[0,0],"ix":1},"s":{"a":0,"k":[100,100],"ix":3},"r":{"a":0,"k":0,"ix":6},"o":{"a":0,"k":100,"ix":7},"sk":{"a":0,"k":0,"ix":4},"sa":{"a":0,"k":0,"ix":5},"nm":"Transform"}],"nm":"Group 2","np":2,"cix":2,"bm":0,"ix":2,"mn":"ADBE Vector Group","hd":false}],"ip":0,"op":121,"st":0,"bm":0},{"ddd":0,"ind":7,"ty":4,"nm":"Слой 1 Outlines 2","td":1,"sr":1,"ks":{"o":{"a":0,"k":100,"ix":11},"r":{"a":0,"k":0,"ix":10},"p":{"a":0,"k":[300.34,225.789,0],"ix":2},"a":{"a":0,"k":[312.904,225.987,0],"ix":1},"s":{"a":0,"k":[100,100,100],"ix":6}},"ao":0,"shapes":[{"ty":"gr","it":[{"ind":0,"ty":"sh","ix":1,"ks":{"a":0,"k":{"i":[[0,0],[53.058,62.419],[167.191,0],[140.645,-8.92],[18.929,-60.732],[-102.154,-14.003],[-36.999,7.62],[-92.941,-13.787]],"o":[[92.939,13.786],[-53.056,-62.419],[-76.907,0],[-64.664,4.1],[-18.93,60.733],[53.143,7.286],[66.534,-13.703],[0,0]],"v":[[100.157,181.04],[273.936,47.846],[78.99,-225.737],[-151.919,-126.367],[-279.384,-46.539],[-173.674,218.451],[-52.712,171.555],[100.156,181.04]],"c":true},"ix":2},"nm":"Path 1","mn":"ADBE Vector Shape - Group","hd":false},{"ty":"fl","c":{"a":0,"k":[0.944999964097,0.948999980852,0.980000035903,1],"ix":4},"o":{"a":0,"k":100,"ix":5},"r":1,"bm":0,"nm":"Fill 1","mn":"ADBE Vector Graphic - Fill","hd":false},{"ty":"tr","p":{"a":0,"k":[298.564,225.987],"ix":2},"a":{"a":0,"k":[0,0],"ix":1},"s":{"a":0,"k":[100,100],"ix":3},"r":{"a":0,"k":0,"ix":6},"o":{"a":0,"k":100,"ix":7},"sk":{"a":0,"k":0,"ix":4},"sa":{"a":0,"k":0,"ix":5},"nm":"Transform"}],"nm":"Group 1","np":2,"cix":2,"bm":0,"ix":1,"mn":"ADBE Vector Group","hd":false}],"ip":0,"op":121,"st":0,"bm":0},{"ddd":0,"ind":8,"ty":4,"nm":"Слой 10 Outlines","tt":1,"sr":1,"ks":{"o":{"a":0,"k":100,"ix":11},"r":{"a":1,"k":[{"i":{"x":[0.48],"y":[1]},"o":{"x":[0.52],"y":[0]},"t":0,"s":[-8.632]},{"i":{"x":[0.48],"y":[1]},"o":{"x":[0.52],"y":[0]},"t":24,"s":[0]},{"i":{"x":[0.48],"y":[1]},"o":{"x":[0.52],"y":[0]},"t":72,"s":[0]},{"t":96,"s":[-8.632]}],"ix":10},"p":{"a":1,"k":[{"i":{"x":0.48,"y":1},"o":{"x":0.52,"y":0},"t":0,"s":[299.279,479.906,0],"to":[0,0,0],"ti":[0,0,0]},{"i":{"x":0.48,"y":0.48},"o":{"x":0.52,"y":0.52},"t":24,"s":[299.279,401.906,0],"to":[0,0,0],"ti":[0,0,0]},{"i":{"x":0.48,"y":1},"o":{"x":0.52,"y":0},"t":72,"s":[299.279,401.906,0],"to":[0,0,0],"ti":[0,0,0]},{"t":96,"s":[299.279,479.906,0]}],"ix":2},"a":{"a":0,"k":[208.086,263.756,0],"ix":1},"s":{"a":0,"k":[100,100,100],"ix":6}},"ao":0,"shapes":[{"ty":"gr","it":[{"ind":0,"ty":"sh","ix":1,"ks":{"a":0,"k":{"i":[[0,0],[0,0],[0,0],[0,0],[0,0],[0,0],[0,0],[0,0],[0,0],[0,0],[0,0],[0,0]],"o":[[0,0],[0,0],[0,0],[0,0],[0,0],[0,0],[0,0],[0,0],[0,0],[0,0],[0,0],[0,0]],"v":[[-1.204,4.805],[-1.204,1.234],[-4.805,1.234],[-4.805,-1.232],[-1.204,-1.232],[-1.204,-4.804],[1.195,-4.804],[1.195,-1.232],[4.805,-1.232],[4.805,1.234],[1.195,1.234],[1.195,4.805]],"c":true},"ix":2},"nm":"Path 1","mn":"ADBE Vector Shape - Group","hd":false},{"ty":"fl","c":{"a":0,"k":[1,1,1,1],"ix":4},"o":{"a":0,"k":100,"ix":5},"r":1,"bm":0,"nm":"Fill 1","mn":"ADBE Vector Graphic - Fill","hd":false},{"ty":"tr","p":{"a":0,"k":[234.674,136.467],"ix":2},"a":{"a":0,"k":[0,0],"ix":1},"s":{"a":0,"k":[100,100],"ix":3},"r":{"a":0,"k":0,"ix":6},"o":{"a":0,"k":100,"ix":7},"sk":{"a":0,"k":0,"ix":4},"sa":{"a":0,"k":0,"ix":5},"nm":"Transform"}],"nm":"Group 1","np":2,"cix":2,"bm":0,"ix":1,"mn":"ADBE Vector Group","hd":false},{"ty":"gr","it":[{"ind":0,"ty":"sh","ix":1,"ks":{"a":0,"k":{"i":[[0,0],[0,0],[0,0]],"o":[[0,0],[0,0],[0,0]],"v":[[1.786,1.435],[-0.108,-3.665],[-1.964,1.435]],"c":true},"ix":2},"nm":"Path 1","mn":"ADBE Vector Shape - Group","hd":false},{"ind":1,"ty":"sh","ix":2,"ks":{"a":0,"k":{"i":[[0,0],[0,0],[0,0],[0,0],[0,0],[0,0],[0,0],[0,0]],"o":[[0,0],[0,0],[0,0],[0,0],[0,0],[0,0],[0,0],[0,0]],"v":[[6.895,6.872],[3.877,6.872],[2.677,3.75],[-2.817,3.75],[-3.951,6.872],[-6.895,6.872],[-1.542,-6.872],[1.392,-6.872]],"c":true},"ix":2},"nm":"Path 2","mn":"ADBE Vector Shape - Group","hd":false},{"ty":"fl","c":{"a":0,"k":[1,1,1,1],"ix":4},"o":{"a":0,"k":100,"ix":5},"r":1,"bm":0,"nm":"Fill 1","mn":"ADBE Vector Graphic - Fill","hd":false},{"ty":"tr","p":{"a":0,"k":[222.102,136.378],"ix":2},"a":{"a":0,"k":[0,0],"ix":1},"s":{"a":0,"k":[100,100],"ix":3},"r":{"a":0,"k":0,"ix":6},"o":{"a":0,"k":100,"ix":7},"sk":{"a":0,"k":0,"ix":4},"sa":{"a":0,"k":0,"ix":5},"nm":"Transform"}],"nm":"Group 2","np":3,"cix":2,"bm":0,"ix":2,"mn":"ADBE Vector Group","hd":false},{"ty":"gr","it":[{"ind":0,"ty":"sh","ix":1,"ks":{"a":0,"k":{"i":[[-3.535,0],[0,0],[0,-3.535],[0,0],[3.534,0],[0,0],[0,3.534],[0,0]],"o":[[0,0],[3.534,0],[0,0],[0,3.534],[0,0],[-3.535,0],[0,0],[0,-3.535]],"v":[[-21.999,-15.2],[22.001,-15.2],[28.4,-8.8],[28.4,8.8],[22.001,15.2],[-21.999,15.2],[-28.4,8.8],[-28.4,-8.8]],"c":true},"ix":2},"nm":"Path 1","mn":"ADBE Vector Shape - Group","hd":false},{"ty":"fl","c":{"a":0,"k":[0.685999971278,0.933000033509,0.877999997606,1],"ix":4},"o":{"a":0,"k":100,"ix":5},"r":1,"bm":0,"nm":"Fill 1","mn":"ADBE Vector Graphic - Fill","hd":false},{"ty":"tr","p":{"a":0,"k":[229.207,137.05],"ix":2},"a":{"a":0,"k":[0,0],"ix":1},"s":{"a":0,"k":[100,100],"ix":3},"r":{"a":0,"k":0,"ix":6},"o":{"a":0,"k":100,"ix":7},"sk":{"a":0,"k":0,"ix":4},"sa":{"a":0,"k":0,"ix":5},"nm":"Transform"}],"nm":"Group 3","np":2,"cix":2,"bm":0,"ix":3,"mn":"ADBE Vector Group","hd":false},{"ty":"gr","it":[{"ind":0,"ty":"sh","ix":1,"ks":{"a":0,"k":{"i":[[0,0],[0,0]],"o":[[0,0],[0,0]],"v":[[213.181,229.54],[161.233,229.54]],"c":false},"ix":2},"nm":"Path 1","mn":"ADBE Vector Shape - Group","hd":false},{"ind":1,"ty":"sh","ix":2,"ks":{"a":0,"k":{"i":[[0,0],[0,0]],"o":[[0,0],[0,0]],"v":[[213.181,207.14],[161.233,207.14]],"c":false},"ix":2},"nm":"Path 2","mn":"ADBE Vector Shape - Group","hd":false},{"ind":2,"ty":"sh","ix":3,"ks":{"a":0,"k":{"i":[[0,0],[0,0]],"o":[[0,0],[0,0]],"v":[[210.007,187.178],[161.207,187.178]],"c":false},"ix":2},"nm":"Path 3","mn":"ADBE Vector Shape - Group","hd":false},{"ind":3,"ty":"sh","ix":4,"ks":{"a":0,"k":{"i":[[0,0],[0,0]],"o":[[0,0],[0,0]],"v":[[254.807,169.431],[161.207,169.431]],"c":false},"ix":2},"nm":"Path 4","mn":"ADBE Vector Shape - Group","hd":false},{"ty":"st","c":{"a":0,"k":[0.894000004787,0.902000038297,0.948999980852,1],"ix":3},"o":{"a":0,"k":100,"ix":4},"w":{"a":0,"k":3.2,"ix":5},"lc":2,"lj":1,"ml":4,"bm":0,"nm":"Stroke 1","mn":"ADBE Vector Graphic - Stroke","hd":false},{"ty":"tr","p":{"a":0,"k":[0,0],"ix":2},"a":{"a":0,"k":[0,0],"ix":1},"s":{"a":0,"k":[100,100],"ix":3},"r":{"a":0,"k":0,"ix":6},"o":{"a":0,"k":100,"ix":7},"sk":{"a":0,"k":0,"ix":4},"sa":{"a":0,"k":0,"ix":5},"nm":"Transform"}],"nm":"Group 4","np":5,"cix":2,"bm":0,"ix":4,"mn":"ADBE Vector Group","hd":false},{"ty":"gr","it":[{"ind":0,"ty":"sh","ix":1,"ks":{"a":0,"k":{"i":[[0,0],[0,0],[-0.292,0.514],[-0.336,0.499],[-0.328,0.433],[-0.225,0.197],[-0.687,0.182],[-1.067,0.028],[-0.393,0.014],[-0.393,0],[0,0],[-0.014,-1.207],[0,-1.32],[0,0],[0.042,-0.743],[0.225,-0.31],[0.773,-0.225],[0.617,-0.112],[0,0],[0,0],[0,0],[0.673,0.195],[0.646,0.73],[0.07,0.322],[0.043,0.407],[0.014,0.477],[0,0.449],[0.014,0.646],[0.014,0.786],[0,0.841],[0,0],[0,0],[-0.407,-0.013],[-0.533,0],[-0.688,-0.226],[-0.59,-0.562],[-0.295,-0.393],[-0.323,-0.463],[-0.294,-0.533],[-0.184,-0.539],[0,0],[0,0],[0.548,-0.084],[1.039,-0.028],[0.843,-0.014],[0.786,0],[0,0],[0.786,0.014],[0,0],[1.066,0],[0.604,0.127],[0.617,0.189]],"o":[[0,0],[0.242,-0.539],[0.295,-0.525],[0.304,-0.45],[0.308,-0.407],[0.59,-0.56],[0.688,-0.183],[0.533,0],[0.393,-0.014],[0,0],[0,0.702],[0.015,1.207],[0,0],[0,0.814],[-0.042,0.744],[-0.42,0.617],[-0.771,0.224],[0,0],[0,0],[0,0],[-0.73,-0.084],[-0.674,-0.198],[-0.14,-0.14],[-0.07,-0.323],[-0.042,-0.407],[-0.014,-0.477],[0,-0.393],[-0.014,-0.646],[-0.014,-0.786],[0,0],[0,0],[0.366,0],[0.407,0.015],[1.067,0.028],[0.688,0.223],[0.224,0.197],[0.294,0.393],[0.323,0.463],[0.279,0.497],[0,0],[0,0],[-0.646,0.14],[-0.547,0.085],[-1.066,0.028],[-0.842,0.014],[0,0],[-0.842,0],[0,0],[-0.842,-0.014],[-0.927,-0.028],[-0.632,-0.133],[0,0]],"v":[[-16,-7.158],[-15.621,-7.031],[-14.821,-8.611],[-13.874,-10.147],[-12.926,-11.473],[-12.126,-12.379],[-10.211,-13.494],[-7.579,-13.81],[-6.189,-13.831],[-5.011,-13.852],[-2.232,-13.852],[-2.211,-10.989],[-2.189,-7.199],[-2.189,9.264],[-2.253,11.6],[-2.653,13.18],[-4.443,14.443],[-6.526,14.948],[-6.526,15.368],[7.158,15.368],[7.158,14.948],[5.053,14.528],[3.073,13.137],[2.758,12.443],[2.589,11.348],[2.505,10.021],[2.485,8.632],[2.463,7.074],[2.421,4.927],[2.4,2.486],[2.4,-13.852],[5.178,-13.852],[6.337,-13.832],[7.747,-13.81],[10.379,-13.43],[12.295,-12.252],[13.074,-11.368],[14,-10.084],[14.926,-8.589],[15.621,-7.031],[16,-7.157],[14.737,-15.157],[12.947,-14.821],[10.568,-14.652],[7.705,-14.589],[5.263,-14.568],[-2.737,-14.568],[-5.179,-14.589],[-7.621,-14.631],[-10.484,-14.652],[-12.779,-14.884],[-14.653,-15.368]],"c":true},"ix":2},"nm":"Path 1","mn":"ADBE Vector Shape - Group","hd":false},{"ty":"fl","c":{"a":0,"k":[0.776000019148,0.795999983245,0.870999983245,1],"ix":4},"o":{"a":0,"k":100,"ix":5},"r":1,"bm":0,"nm":"Fill 1","mn":"ADBE Vector Graphic - Fill","hd":false},{"ty":"tr","p":{"a":0,"k":[172.807,137.218],"ix":2},"a":{"a":0,"k":[0,0],"ix":1},"s":{"a":0,"k":[100,100],"ix":3},"r":{"a":0,"k":0,"ix":6},"o":{"a":0,"k":100,"ix":7},"sk":{"a":0,"k":0,"ix":4},"sa":{"a":0,"k":0,"ix":5},"nm":"Transform"}],"nm":"Group 5","np":2,"cix":2,"bm":0,"ix":5,"mn":"ADBE Vector Group","hd":false},{"ty":"gr","it":[{"ind":0,"ty":"sh","ix":1,"ks":{"a":0,"k":{"i":[[0,0],[1.249,12.401],[1.233,0],[0,0],[0,-1.326],[0,-23.021],[1.506,-36.925],[-1.325,-0.054],[-0.205,0.046],[-16.005,-3.4],[-27.661,0.818],[-0.016,0.422]],"o":[[-0.317,-15.331],[-0.124,-1.226],[0,0],[-1.326,0],[1.467,19.707],[0,23.377],[-0.054,1.324],[0.209,0.008],[24.575,-5.517],[16.227,3.447],[0.753,-0.022],[0,0]],"v":[[62.604,-36.687],[60.253,-78.285],[57.865,-80.445],[-69.38,-80.445],[-71.78,-78.044],[-69.583,-14.04],[-71.842,76.414],[-69.542,78.91],[-68.918,78.854],[-8.048,75.681],[63.036,87.626],[62.368,6.48]],"c":false},"ix":2},"nm":"Path 1","mn":"ADBE Vector Shape - Group","hd":false},{"ind":1,"ty":"sh","ix":2,"ks":{"a":0,"k":{"i":[[0,0],[0.034,3.013]],"o":[[0,-3.12],[0,0]],"v":[[62.768,-20.424],[62.717,-29.626]],"c":false},"ix":2},"nm":"Path 2","mn":"ADBE Vector Shape - Group","hd":false},{"ty":"fl","c":{"a":0,"k":[1,1,1,1],"ix":4},"o":{"a":0,"k":100,"ix":5},"r":1,"bm":0,"nm":"Fill 1","mn":"ADBE Vector Graphic - Fill","hd":false},{"ty":"tr","p":{"a":0,"k":[213.333,183.894],"ix":2},"a":{"a":0,"k":[0,0],"ix":1},"s":{"a":0,"k":[100,100],"ix":3},"r":{"a":0,"k":0,"ix":6},"o":{"a":0,"k":100,"ix":7},"sk":{"a":0,"k":0,"ix":4},"sa":{"a":0,"k":0,"ix":5},"nm":"Transform"}],"nm":"Group 6","np":3,"cix":2,"bm":0,"ix":6,"mn":"ADBE Vector Group","hd":false},{"ty":"gr","it":[{"ind":0,"ty":"sh","ix":1,"ks":{"a":0,"k":{"i":[[0,0],[1.249,12.401],[1.233,0],[0,0],[0,-1.325],[0,-23.021],[1.506,-36.925],[-1.325,-0.054],[-0.204,0.045],[-16.005,-3.401],[-27.662,0.817],[-0.604,11.273],[-0.019,0.51]],"o":[[-0.319,-15.331],[-0.123,-1.227],[0,0],[-1.325,0],[1.467,19.708],[0,23.379],[-0.054,1.324],[0.21,0.009],[24.575,-5.517],[16.227,3.447],[0.752,-0.022],[2.103,-39.387],[0,0]],"v":[[122.03,30.513],[119.678,-17.101],[117.29,-19.261],[-9.955,-19.261],[-12.355,-16.861],[-10.158,53.159],[-12.417,126.014],[-10.117,128.51],[-9.493,128.455],[51.377,125.282],[117.211,129.227],[130.405,102.446],[121.793,73.681]],"c":false},"ix":2},"nm":"Path 2","mn":"ADBE Vector Shape - Group","hd":false},{"ind":1,"ty":"sh","ix":2,"ks":{"a":0,"k":{"i":[[0,0],[0.034,3.014]],"o":[[0,-3.12],[0,0]],"v":[[122.193,46.776],[122.142,37.574]],"c":false},"ix":2},"nm":"Path 3","mn":"ADBE Vector Shape - Group","hd":false},{"ty":"fl","c":{"a":0,"k":[0.776000019148,0.795999983245,0.870999983245,1],"ix":4},"o":{"a":0,"k":100,"ix":5},"r":1,"bm":0,"nm":"Fill 1","mn":"ADBE Vector Graphic - Fill","hd":false},{"ty":"tr","p":{"a":0,"k":[143.508,130.294],"ix":2},"a":{"a":0,"k":[0,0],"ix":1},"s":{"a":0,"k":[100,100],"ix":3},"r":{"a":0,"k":0,"ix":6},"o":{"a":0,"k":100,"ix":7},"sk":{"a":0,"k":0,"ix":4},"sa":{"a":0,"k":0,"ix":5},"nm":"Transform"}],"nm":"Group 7","np":3,"cix":2,"bm":0,"ix":7,"mn":"ADBE Vector Group","hd":false}],"ip":0,"op":121,"st":0,"bm":0},{"ddd":0,"ind":9,"ty":4,"nm":"Слой 9 Outlines","sr":1,"ks":{"o":{"a":0,"k":100,"ix":11},"r":{"a":0,"k":0,"ix":10},"p":{"a":1,"k":[{"i":{"x":0.563,"y":0.563},"o":{"x":0.167,"y":0.167},"t":-112,"s":[239.934,109.884,0],"to":[-275,11.5,0],"ti":[-29.5,-8,0]},{"i":{"x":0.666,"y":0.666},"o":{"x":0.319,"y":0.319},"t":-75.962,"s":[160.934,275.884,0],"to":[29.5,8,0],"ti":[-140,31.5,0]},{"i":{"x":0.672,"y":0.672},"o":{"x":0.337,"y":0.337},"t":-41.565,"s":[456.434,296.884,0],"to":[71.435,-16.073,0],"ti":[0,0,0]},{"i":{"x":0.833,"y":0.833},"o":{"x":0.435,"y":0.435},"t":-31.239,"s":[521.934,245.384,0],"to":[0,0,0],"ti":[275,-11.5,0]},{"t":8,"s":[239.934,109.884,0]}],"ix":2,"x":"var $bm_rt;\n$bm_rt = loopOut('cycle', 0);"},"a":{"a":0,"k":[55.453,59.851,0],"ix":1},"s":{"a":0,"k":[100,100,100],"ix":6}},"ao":0,"shapes":[{"ty":"gr","it":[{"ind":0,"ty":"sh","ix":1,"ks":{"a":0,"k":{"i":[[0,0],[0,0],[-5.753,-3.197]],"o":[[0,0],[-3.707,5.305],[3.229,-4.576]],"v":[[6.54,-1.362],[-2.833,-6.376],[0.236,6.376]],"c":true},"ix":2},"nm":"Path 1","mn":"ADBE Vector Shape - Group","hd":false},{"ty":"fl","c":{"a":0,"k":[0.944999964097,0.948999980852,0.980000035903,1],"ix":4},"o":{"a":0,"k":100,"ix":5},"r":1,"bm":0,"nm":"Fill 1","mn":"ADBE Vector Graphic - Fill","hd":false},{"ty":"tr","p":{"a":0,"k":[59.801,79.401],"ix":2},"a":{"a":0,"k":[0,0],"ix":1},"s":{"a":0,"k":[100,100],"ix":3},"r":{"a":0,"k":0,"ix":6},"o":{"a":0,"k":100,"ix":7},"sk":{"a":0,"k":0,"ix":4},"sa":{"a":0,"k":0,"ix":5},"nm":"Transform"}],"nm":"Group 1","np":2,"cix":2,"bm":0,"ix":1,"mn":"ADBE Vector Group","hd":false},{"ty":"gr","it":[{"ind":0,"ty":"sh","ix":1,"ks":{"a":0,"k":{"i":[[3.48,4.42],[-2.153,3.533],[3.742,2.046],[-3.951,-2.935],[5.343,-7.09]],"o":[[2.03,-3.605],[-3.689,-2.139],[7.294,-9.313],[3.95,2.935],[-5.342,7.09]],"v":[[-9.169,10.94],[-2.893,0.231],[-14.04,-6.047],[5.6,-8.662],[8.697,7.7]],"c":true},"ix":2},"nm":"Path 1","mn":"ADBE Vector Shape - Group","hd":false},{"ty":"fl","c":{"a":0,"k":[0.944999964097,0.948999980852,0.980000035903,1],"ix":4},"o":{"a":0,"k":100,"ix":5},"r":1,"bm":0,"nm":"Fill 1","mn":"ADBE Vector Graphic - Fill","hd":false},{"ty":"tr","p":{"a":0,"k":[74.004,76.764],"ix":2},"a":{"a":0,"k":[0,0],"ix":1},"s":{"a":0,"k":[100,100],"ix":3},"r":{"a":0,"k":0,"ix":6},"o":{"a":0,"k":100,"ix":7},"sk":{"a":0,"k":0,"ix":4},"sa":{"a":0,"k":0,"ix":5},"nm":"Transform"}],"nm":"Group 2","np":2,"cix":2,"bm":0,"ix":2,"mn":"ADBE Vector Group","hd":false},{"ty":"gr","it":[{"ind":0,"ty":"sh","ix":1,"ks":{"a":0,"k":{"i":[[0,0],[0,0]],"o":[[0,0],[0,0]],"v":[[-10.849,12.551],[19.343,-1.973]],"c":false},"ix":2},"nm":"Path 1","mn":"ADBE Vector Shape - Group","hd":false},{"ind":1,"ty":"sh","ix":2,"ks":{"a":0,"k":{"i":[[0,0],[0,0]],"o":[[0,0],[0,0]],"v":[[-19.343,-7.485],[-1.367,-12.551]],"c":false},"ix":2},"nm":"Path 2","mn":"ADBE Vector Shape - Group","hd":false},{"ind":2,"ty":"sh","ix":3,"ks":{"a":0,"k":{"i":[[0,0],[0,0]],"o":[[0,0],[0,0]],"v":[[-16.194,2.806],[14.134,-8.836]],"c":false},"ix":2},"nm":"Path 3","mn":"ADBE Vector Shape - Group","hd":false},{"ty":"st","c":{"a":0,"k":[0.894000004787,0.902000038297,0.948999980852,1],"ix":3},"o":{"a":0,"k":100,"ix":4},"w":{"a":0,"k":3.2,"ix":5},"lc":2,"lj":1,"ml":4,"bm":0,"nm":"Stroke 1","mn":"ADBE Vector Graphic - Stroke","hd":false},{"ty":"tr","p":{"a":0,"k":[44.072,49.893],"ix":2},"a":{"a":0,"k":[0,0],"ix":1},"s":{"a":0,"k":[100,100],"ix":3},"r":{"a":0,"k":0,"ix":6},"o":{"a":0,"k":100,"ix":7},"sk":{"a":0,"k":0,"ix":4},"sa":{"a":0,"k":0,"ix":5},"nm":"Transform"}],"nm":"Group 3","np":4,"cix":2,"bm":0,"ix":3,"mn":"ADBE Vector Group","hd":false},{"ty":"gr","it":[{"ind":0,"ty":"sh","ix":1,"ks":{"a":0,"k":{"i":[[0,0],[1.433,0.818]],"o":[[-1.466,-0.755],[0,0]],"v":[[13.701,52.027],[9.351,49.667]],"c":false},"ix":2},"nm":"Path 1","mn":"ADBE Vector Shape - Group","hd":false},{"ind":1,"ty":"sh","ix":2,"ks":{"a":0,"k":{"i":[[0,0],[0,35.265],[-19.391,4.888],[-2.88,2.7],[-0.494,-2.7],[-28.879,-9.04],[11.655,-10.932],[3.493,1.545]],"o":[[-25.028,-16.236],[9.381,-10.47],[3.221,-0.812],[2.88,-2.7],[3.187,17.413],[-9.642,13.566],[-2.507,-0.526],[0,0]],"v":[[2.673,45.595],[-53.052,-36.662],[-14.118,-56.639],[-5.611,-42.644],[9.601,-42.644],[53.052,2.081],[27.57,57.451],[18.48,54.32]],"c":false},"ix":2},"nm":"Path 2","mn":"ADBE Vector Shape - Group","hd":false},{"ty":"st","c":{"a":0,"k":[0.169000004787,0.176000004189,0.219999994016,1],"ix":3},"o":{"a":0,"k":100,"ix":4},"w":{"a":0,"k":2.4,"ix":5},"lc":2,"lj":1,"ml":4,"bm":0,"nm":"Stroke 1","mn":"ADBE Vector Graphic - Stroke","hd":false},{"ty":"fl","c":{"a":0,"k":[1,1,1,1],"ix":4},"o":{"a":0,"k":100,"ix":5},"r":1,"bm":0,"nm":"Fill 1","mn":"ADBE Vector Graphic - Fill","hd":false},{"ty":"tr","p":{"a":0,"k":[55.452,59.851],"ix":2},"a":{"a":0,"k":[0,0],"ix":1},"s":{"a":0,"k":[100,100],"ix":3},"r":{"a":0,"k":0,"ix":6},"o":{"a":0,"k":100,"ix":7},"sk":{"a":0,"k":0,"ix":4},"sa":{"a":0,"k":0,"ix":5},"nm":"Transform"}],"nm":"Group 4","np":4,"cix":2,"bm":0,"ix":4,"mn":"ADBE Vector Group","hd":false},{"ty":"gr","it":[{"ind":0,"ty":"sh","ix":1,"ks":{"a":0,"k":{"i":[[0,0],[-0.035,-1.702],[-28.879,-9.04],[11.655,-10.933],[0,49.304],[-14.007,11.04]],"o":[[6.41,3.586],[0.551,26.818],[-9.642,13.566],[-20.623,-4.323],[9.382,-10.469],[0,0]],"v":[[-5.677,-52.402],[8.353,-41.432],[52.214,3.409],[26.23,55.223],[-52.214,-34.824],[-14.146,-55.223]],"c":false},"ix":2},"nm":"Path 1","mn":"ADBE Vector Shape - Group","hd":false},{"ty":"st","c":{"a":0,"k":[0.169000004787,0.176000004189,0.219999994016,1],"ix":3},"o":{"a":0,"k":100,"ix":4},"w":{"a":0,"k":2.4,"ix":5},"lc":2,"lj":1,"ml":4,"bm":0,"nm":"Stroke 1","mn":"ADBE Vector Graphic - Stroke","hd":false},{"ty":"fl","c":{"a":0,"k":[1,1,1,1],"ix":4},"o":{"a":0,"k":100,"ix":5},"r":1,"bm":0,"nm":"Fill 1","mn":"ADBE Vector Graphic - Fill","hd":false},{"ty":"tr","p":{"a":0,"k":[56.292,58.523],"ix":2},"a":{"a":0,"k":[0,0],"ix":1},"s":{"a":0,"k":[100,100],"ix":3},"r":{"a":0,"k":0,"ix":6},"o":{"a":0,"k":100,"ix":7},"sk":{"a":0,"k":0,"ix":4},"sa":{"a":0,"k":0,"ix":5},"nm":"Transform"}],"nm":"Group 5","np":3,"cix":2,"bm":0,"ix":5,"mn":"ADBE Vector Group","hd":false}],"ip":0,"op":121,"st":8,"bm":0},{"ddd":0,"ind":10,"ty":4,"nm":"Слой 10 Outlines 2","parent":9,"sr":1,"ks":{"o":{"a":0,"k":100,"ix":11},"r":{"a":0,"k":0,"ix":10},"p":{"a":0,"k":[140.301,154.122,0],"ix":2},"a":{"a":0,"k":[143.508,132.294,0],"ix":1},"s":{"a":0,"k":[100,100,100],"ix":6}},"ao":0,"shapes":[{"ty":"gr","it":[{"ind":0,"ty":"sh","ix":1,"ks":{"a":0,"k":{"i":[[0,0],[10.383,-4.991],[-65.968,-18.499],[-4.42,8.063]],"o":[[-18.956,4.064],[-4.075,3.52],[1.408,-9.85],[0,0]],"v":[[-95.174,-130.044],[-139.183,-116.461],[-62.642,-28.795],[-53.901,-55.664]],"c":true},"ix":2},"nm":"Path 1","mn":"ADBE Vector Shape - Group","hd":false},{"ty":"fl","c":{"a":0,"k":[0.776000019148,0.795999983245,0.870999983245,1],"ix":4},"o":{"a":0,"k":100,"ix":5},"r":1,"bm":0,"nm":"Fill 1","mn":"ADBE Vector Graphic - Fill","hd":false},{"ty":"tr","p":{"a":0,"k":[143.508,130.294],"ix":2},"a":{"a":0,"k":[0,0],"ix":1},"s":{"a":0,"k":[100,100],"ix":3},"r":{"a":0,"k":0,"ix":6},"o":{"a":0,"k":100,"ix":7},"sk":{"a":0,"k":0,"ix":4},"sa":{"a":0,"k":0,"ix":5},"nm":"Transform"}],"nm":"Group 7","np":2,"cix":2,"bm":0,"ix":1,"mn":"ADBE Vector Group","hd":false}],"ip":0,"op":121,"st":0,"bm":0},{"ddd":0,"ind":11,"ty":4,"nm":"Shape Layer 2","parent":2,"td":1,"sr":1,"ks":{"o":{"a":0,"k":100,"ix":11},"r":{"a":0,"k":0,"ix":10},"p":{"a":0,"k":[-7.833,-78.5,0],"ix":2},"a":{"a":0,"k":[0,0,0],"ix":1},"s":{"a":0,"k":[100,100,100],"ix":6}},"ao":0,"shapes":[{"ty":"gr","it":[{"d":1,"ty":"el","s":{"a":0,"k":[75,75],"ix":2},"p":{"a":0,"k":[0,0],"ix":3},"nm":"Ellipse Path 1","mn":"ADBE Vector Shape - Ellipse","hd":false},{"ty":"st","c":{"a":0,"k":[0,0,0,1],"ix":3},"o":{"a":0,"k":100,"ix":4},"w":{"a":0,"k":0,"ix":5},"lc":1,"lj":1,"ml":4,"bm":0,"nm":"Stroke 1","mn":"ADBE Vector Graphic - Stroke","hd":false},{"ty":"fl","c":{"a":0,"k":[0.007842999814,0.007842999814,0.007842999814,1],"ix":4},"o":{"a":0,"k":100,"ix":5},"r":1,"bm":0,"nm":"Fill 1","mn":"ADBE Vector Graphic - Fill","hd":false},{"ty":"tr","p":{"a":0,"k":[62.25,125],"ix":2},"a":{"a":0,"k":[0,0],"ix":1},"s":{"a":0,"k":[100,100],"ix":3},"r":{"a":0,"k":0,"ix":6},"o":{"a":0,"k":100,"ix":7},"sk":{"a":0,"k":0,"ix":4},"sa":{"a":0,"k":0,"ix":5},"nm":"Transform"}],"nm":"Ellipse 1","np":3,"cix":2,"bm":0,"ix":1,"mn":"ADBE Vector Group","hd":false}],"ip":0,"op":121,"st":0,"bm":0},{"ddd":0,"ind":12,"ty":0,"nm":"Pre-comp 1","tt":1,"refId":"comp_0","sr":1,"ks":{"o":{"a":0,"k":100,"ix":11},"r":{"a":0,"k":0,"ix":10},"p":{"a":0,"k":[286,237.5,0],"ix":2},"a":{"a":0,"k":[286,237.5,0],"ix":1},"s":{"a":0,"k":[100,100,100],"ix":6}},"ao":0,"w":572,"h":475,"ip":0,"op":121,"st":0,"bm":0},{"ddd":0,"ind":13,"ty":4,"nm":"Слой 13 Outlines","sr":1,"ks":{"o":{"a":0,"k":100,"ix":11},"r":{"a":0,"k":0,"ix":10},"p":{"a":1,"k":[{"i":{"x":0.563,"y":0.563},"o":{"x":0.167,"y":0.167},"t":0,"s":[217.434,117.884,0],"to":[-275,11.5,0],"ti":[-29.5,-8,0]},{"i":{"x":0.666,"y":0.666},"o":{"x":0.319,"y":0.319},"t":36.037,"s":[138.434,283.884,0],"to":[29.5,8,0],"ti":[-140,31.5,0]},{"i":{"x":0.672,"y":0.672},"o":{"x":0.337,"y":0.337},"t":70.435,"s":[433.934,304.884,0],"to":[71.435,-16.073,0],"ti":[0,0,0]},{"i":{"x":0.833,"y":0.833},"o":{"x":0.435,"y":0.435},"t":80.761,"s":[499.434,253.384,0],"to":[0,0,0],"ti":[275,-11.5,0]},{"t":120,"s":[217.434,117.884,0]}],"ix":2,"x":"var $bm_rt;\n$bm_rt = loopOut('cycle', 0);"},"a":{"a":0,"k":[55.653,37.837,0],"ix":1},"s":{"a":0,"k":[100,100,100],"ix":6}},"ao":0,"shapes":[{"ty":"gr","it":[{"ind":0,"ty":"sh","ix":1,"ks":{"a":0,"k":{"i":[[0,0],[0,0],[0,0]],"o":[[0,0],[0,0],[0,0]],"v":[[4.562,-4.928],[3.25,4.928],[-4.562,-0.882]],"c":true},"ix":2},"nm":"Path 1","mn":"ADBE Vector Shape - Group","hd":false},{"ty":"fl","c":{"a":0,"k":[1,1,1,1],"ix":4},"o":{"a":0,"k":100,"ix":5},"r":1,"bm":0,"nm":"Fill 1","mn":"ADBE Vector Graphic - Fill","hd":false},{"ty":"tr","p":{"a":0,"k":[37.672,45.111],"ix":2},"a":{"a":0,"k":[0,0],"ix":1},"s":{"a":0,"k":[100,100],"ix":3},"r":{"a":0,"k":0,"ix":6},"o":{"a":0,"k":100,"ix":7},"sk":{"a":0,"k":0,"ix":4},"sa":{"a":0,"k":0,"ix":5},"nm":"Transform"}],"nm":"Group 1","np":2,"cix":2,"bm":0,"ix":1,"mn":"ADBE Vector Group","hd":false},{"ty":"gr","it":[{"ind":0,"ty":"sh","ix":1,"ks":{"a":0,"k":{"i":[[2.65,0],[0,-2.651],[-2.651,0],[0,2.651]],"o":[[-2.651,0],[0,2.651],[2.65,0],[0,-2.651]],"v":[[0,-4.8],[-4.8,0],[0,4.8],[4.8,0]],"c":true},"ix":2},"nm":"Path 1","mn":"ADBE Vector Shape - Group","hd":false},{"ty":"fl","c":{"a":0,"k":[1,1,1,1],"ix":4},"o":{"a":0,"k":100,"ix":5},"r":1,"bm":0,"nm":"Fill 1","mn":"ADBE Vector Graphic - Fill","hd":false},{"ty":"tr","p":{"a":0,"k":[32.634,32.184],"ix":2},"a":{"a":0,"k":[0,0],"ix":1},"s":{"a":0,"k":[100,100],"ix":3},"r":{"a":0,"k":0,"ix":6},"o":{"a":0,"k":100,"ix":7},"sk":{"a":0,"k":0,"ix":4},"sa":{"a":0,"k":0,"ix":5},"nm":"Transform"}],"nm":"Group 2","np":2,"cix":2,"bm":0,"ix":2,"mn":"ADBE Vector Group","hd":false},{"ty":"gr","it":[{"ind":0,"ty":"sh","ix":1,"ks":{"a":0,"k":{"i":[[0,0],[0,0]],"o":[[0,0],[0,0]],"v":[[4.6,7.206],[-9.922,9.594]],"c":false},"ix":2},"nm":"Path 1","mn":"ADBE Vector Shape - Group","hd":false},{"ind":1,"ty":"sh","ix":2,"ks":{"a":0,"k":{"i":[[0,0],[0,0]],"o":[[0,0],[0,0]],"v":[[9.401,-0.794],[-14.201,3.607]],"c":false},"ix":2},"nm":"Path 2","mn":"ADBE Vector Shape - Group","hd":false},{"ind":2,"ty":"sh","ix":3,"ks":{"a":0,"k":{"i":[[0,0],[0,0]],"o":[[0,0],[0,0]],"v":[[14.201,-9.594],[-12.421,-3.911]],"c":false},"ix":2},"nm":"Path 3","mn":"ADBE Vector Shape - Group","hd":false},{"ty":"st","c":{"a":0,"k":[0.894000004787,0.902000038297,0.948999980852,1],"ix":3},"o":{"a":0,"k":100,"ix":4},"w":{"a":0,"k":3.2,"ix":5},"lc":2,"lj":1,"ml":4,"bm":0,"nm":"Stroke 1","mn":"ADBE Vector Graphic - Stroke","hd":false},{"ty":"tr","p":{"a":0,"k":[78.434,44.177],"ix":2},"a":{"a":0,"k":[0,0],"ix":1},"s":{"a":0,"k":[100,100],"ix":3},"r":{"a":0,"k":0,"ix":6},"o":{"a":0,"k":100,"ix":7},"sk":{"a":0,"k":0,"ix":4},"sa":{"a":0,"k":0,"ix":5},"nm":"Transform"}],"nm":"Group 3","np":4,"cix":2,"bm":0,"ix":3,"mn":"ADBE Vector Group","hd":false},{"ty":"gr","it":[{"ind":0,"ty":"sh","ix":1,"ks":{"a":0,"k":{"i":[[0,0],[0,0]],"o":[[0,0],[0,0]],"v":[[-6.421,14.062],[-7.179,15.538]],"c":false},"ix":2},"nm":"Path 1","mn":"ADBE Vector Shape - Group","hd":false},{"ind":1,"ty":"sh","ix":2,"ks":{"a":0,"k":{"i":[[0,0],[0,0]],"o":[[0,0],[0,0]],"v":[[7.179,-15.538],[-4.379,9.138]],"c":false},"ix":2},"nm":"Path 2","mn":"ADBE Vector Shape - Group","hd":false},{"ty":"st","c":{"a":0,"k":[0.169000004787,0.176000004189,0.219999994016,1],"ix":3},"o":{"a":0,"k":100,"ix":4},"w":{"a":0,"k":3.2,"ix":5},"lc":2,"lj":1,"ml":4,"bm":0,"nm":"Stroke 1","mn":"ADBE Vector Graphic - Stroke","hd":false},{"ty":"fl","c":{"a":0,"k":[1,1,1,1],"ix":4},"o":{"a":0,"k":100,"ix":5},"r":1,"bm":0,"nm":"Fill 1","mn":"ADBE Vector Graphic - Fill","hd":false},{"ty":"tr","p":{"a":0,"k":[53.813,48.646],"ix":2},"a":{"a":0,"k":[0,0],"ix":1},"s":{"a":0,"k":[100,100],"ix":3},"r":{"a":0,"k":0,"ix":6},"o":{"a":0,"k":100,"ix":7},"sk":{"a":0,"k":0,"ix":4},"sa":{"a":0,"k":0,"ix":5},"nm":"Transform"}],"nm":"Group 4","np":4,"cix":2,"bm":0,"ix":4,"mn":"ADBE Vector Group","hd":false},{"ty":"gr","it":[{"ind":0,"ty":"sh","ix":1,"ks":{"a":0,"k":{"i":[[0,0],[0,0],[0,0],[0,0]],"o":[[0,0],[0,0],[0,0],[0,0]],"v":[[17.861,-3.667],[-3.629,-19.267],[-17.861,4.02],[7.611,19.267]],"c":true},"ix":2},"nm":"Path 1","mn":"ADBE Vector Shape - Group","hd":false},{"ty":"fl","c":{"a":0,"k":[0.980000035903,0.922000002394,0.630999995213,1],"ix":4},"o":{"a":0,"k":100,"ix":5},"r":1,"bm":0,"nm":"Fill 1","mn":"ADBE Vector Graphic - Fill","hd":false},{"ty":"tr","p":{"a":0,"k":[35.573,37.051],"ix":2},"a":{"a":0,"k":[0,0],"ix":1},"s":{"a":0,"k":[100,100],"ix":3},"r":{"a":0,"k":0,"ix":6},"o":{"a":0,"k":100,"ix":7},"sk":{"a":0,"k":0,"ix":4},"sa":{"a":0,"k":0,"ix":5},"nm":"Transform"}],"nm":"Group 5","np":2,"cix":2,"bm":0,"ix":5,"mn":"ADBE Vector Group","hd":false},{"ty":"gr","it":[{"ind":0,"ty":"sh","ix":1,"ks":{"a":0,"k":{"i":[[0,0],[4.484,3.444],[4.395,3.791],[1.06,0.956],[0.866,1.071],[-3.664,-1.755],[-16.998,-13.132],[-0.465,0.105],[-3.935,0.297],[0,5.33],[-13.428,25.227],[0.781,0.415],[0.394,-0.106],[4.613,-0.918]],"o":[[-1.377,-0.594],[-4.603,-3.537],[-1.082,-0.932],[-2.164,-1.957],[-2.09,-2.584],[8.215,3.937],[0.377,0.291],[7.761,-1.753],[10.854,-0.817],[0,-4.388],[0.416,-0.78],[-0.359,-0.192],[-18.187,4.908],[0,0]],"v":[[7.105,-6.957],[-2.502,-13.659],[-16.882,-25.346],[-20.096,-28.18],[-24.809,-32.853],[-49.589,7.284],[-11.769,32.888],[-10.439,33.181],[7.105,30.108],[32.694,30.108],[52.837,-14.314],[52.178,-16.478],[51.007,-16.612],[16.806,-7.872]],"c":false},"ix":2},"nm":"Path 1","mn":"ADBE Vector Shape - Group","hd":false},{"ty":"st","c":{"a":0,"k":[0.169000004787,0.176000004189,0.219999994016,1],"ix":3},"o":{"a":0,"k":100,"ix":4},"w":{"a":0,"k":2.4,"ix":5},"lc":2,"lj":1,"ml":4,"bm":0,"nm":"Stroke 1","mn":"ADBE Vector Graphic - Stroke","hd":false},{"ty":"fl","c":{"a":0,"k":[1,1,1,1],"ix":4},"o":{"a":0,"k":100,"ix":5},"r":1,"bm":0,"nm":"Fill 1","mn":"ADBE Vector Graphic - Fill","hd":false},{"ty":"tr","p":{"a":0,"k":[55.653,37.838],"ix":2},"a":{"a":0,"k":[0,0],"ix":1},"s":{"a":0,"k":[100,100],"ix":3},"r":{"a":0,"k":0,"ix":6},"o":{"a":0,"k":100,"ix":7},"sk":{"a":0,"k":0,"ix":4},"sa":{"a":0,"k":0,"ix":5},"nm":"Transform"}],"nm":"Group 6","np":3,"cix":2,"bm":0,"ix":6,"mn":"ADBE Vector Group","hd":false}],"ip":0,"op":121,"st":0,"bm":0},{"ddd":0,"ind":14,"ty":4,"nm":"Слой 16 Outlines","parent":13,"sr":1,"ks":{"o":{"a":0,"k":100,"ix":11},"r":{"a":0,"k":0,"ix":10},"p":{"a":0,"k":[57.278,51.388,0],"ix":2},"a":{"a":0,"k":[67.381,39.308,0],"ix":1},"s":{"a":0,"k":[100,100,100],"ix":6}},"ao":0,"shapes":[{"ty":"gr","it":[{"ind":0,"ty":"sh","ix":1,"ks":{"a":0,"k":{"i":[[0,0],[0,0],[0,-7.107],[11.901,3.776]],"o":[[0,0],[-7.651,13.456],[-6.85,0],[0,0]],"v":[[8.325,-15.423],[19.801,-15.423],[8.325,15.423],[-19.801,9.76]],"c":true},"ix":2},"nm":"Path 1","mn":"ADBE Vector Shape - Group","hd":false},{"ty":"fl","c":{"a":0,"k":[0.776000019148,0.795999983245,0.870999983245,1],"ix":4},"o":{"a":0,"k":100,"ix":5},"r":1,"bm":0,"nm":"Fill 1","mn":"ADBE Vector Graphic - Fill","hd":false},{"ty":"tr","p":{"a":0,"k":[94.137,47.526],"ix":2},"a":{"a":0,"k":[0,0],"ix":1},"s":{"a":0,"k":[100,100],"ix":3},"r":{"a":0,"k":0,"ix":6},"o":{"a":0,"k":100,"ix":7},"sk":{"a":0,"k":0,"ix":4},"sa":{"a":0,"k":0,"ix":5},"nm":"Transform"}],"nm":"Group 1","np":2,"cix":2,"bm":0,"ix":1,"mn":"ADBE Vector Group","hd":false},{"ty":"gr","it":[{"ind":0,"ty":"sh","ix":1,"ks":{"a":0,"k":{"i":[[0,0],[-2.232,1.01],[0,-10.162],[23.132,-6.501]],"o":[[3.129,-0.462],[4.26,-1.926],[0,10.162],[0,0]],"v":[[52.77,-12.156],[60.722,-14.354],[41.736,26.746],[-13.37,22.515]],"c":false},"ix":2},"nm":"Path 1","mn":"ADBE Vector Shape - Group","hd":false},{"ind":1,"ty":"sh","ix":2,"ks":{"a":0,"k":{"i":[[0,0],[-4.174,0]],"o":[[16.201,5.498],[0,0]],"v":[[1.705,-14.354],[42.779,-11.534]],"c":false},"ix":2},"nm":"Path 2","mn":"ADBE Vector Shape - Group","hd":false},{"ind":2,"ty":"sh","ix":3,"ks":{"a":0,"k":{"i":[[0,0],[6.138,3.534],[-1.667,-1.922]],"o":[[-11.709,-5.955],[6.356,-10.006],[0,0]],"v":[[-37.084,8.847],[-64.981,-4.879],[-44.29,-34.986]],"c":false},"ix":2},"nm":"Path 3","mn":"ADBE Vector Shape - Group","hd":false},{"ty":"st","c":{"a":0,"k":[0.169000004787,0.176000004189,0.219999994016,1],"ix":3},"o":{"a":0,"k":100,"ix":4},"w":{"a":0,"k":2.4,"ix":5},"lc":2,"lj":1,"ml":4,"bm":0,"nm":"Stroke 1","mn":"ADBE Vector Graphic - Stroke","hd":false},{"ty":"tr","p":{"a":0,"k":[67.381,39.308],"ix":2},"a":{"a":0,"k":[0,0],"ix":1},"s":{"a":0,"k":[100,100],"ix":3},"r":{"a":0,"k":0,"ix":6},"o":{"a":0,"k":100,"ix":7},"sk":{"a":0,"k":0,"ix":4},"sa":{"a":0,"k":0,"ix":5},"nm":"Transform"}],"nm":"Group 2","np":4,"cix":2,"bm":0,"ix":2,"mn":"ADBE Vector Group","hd":false},{"ty":"gr","it":[{"ind":0,"ty":"sh","ix":1,"ks":{"a":0,"k":{"i":[[0,0],[17.746,9.279],[0.888,1.657],[-2.78,1.594],[-10.289,2.253],[0,0]],"o":[[4.489,0.669],[-7.86,-4.109],[-0.89,-1.657],[2.38,-1.365],[0,0],[0,0]],"v":[[15.514,15.343],[-4.373,2.429],[-19.113,-5.856],[-14.693,-10.585],[4.311,-16.012],[17.497,7.691]],"c":true},"ix":2},"nm":"Path 1","mn":"ADBE Vector Shape - Group","hd":false},{"ty":"fl","c":{"a":0,"k":[0.776000019148,0.795999983245,0.870999983245,1],"ix":4},"o":{"a":0,"k":100,"ix":5},"r":1,"bm":0,"nm":"Fill 1","mn":"ADBE Vector Graphic - Fill","hd":false},{"ty":"tr","p":{"a":0,"k":[36.6,44.175],"ix":2},"a":{"a":0,"k":[0,0],"ix":1},"s":{"a":0,"k":[100,100],"ix":3},"r":{"a":0,"k":0,"ix":6},"o":{"a":0,"k":100,"ix":7},"sk":{"a":0,"k":0,"ix":4},"sa":{"a":0,"k":0,"ix":5},"nm":"Transform"}],"nm":"Group 3","np":2,"cix":2,"bm":0,"ix":3,"mn":"ADBE Vector Group","hd":false},{"ty":"gr","it":[{"ind":0,"ty":"sh","ix":1,"ks":{"a":0,"k":{"i":[[0,0],[-2.232,1.01],[0,-10.162],[23.132,-6.501]],"o":[[3.129,-0.462],[4.26,-1.926],[0,10.162],[0,0]],"v":[[52.77,-12.156],[60.722,-14.354],[41.736,26.746],[-13.37,22.515]],"c":false},"ix":2},"nm":"Path 1","mn":"ADBE Vector Shape - Group","hd":false},{"ind":1,"ty":"sh","ix":2,"ks":{"a":0,"k":{"i":[[0,0],[6.138,3.534],[-1.667,-1.922],[-15.287,-5.187],[-4.174,0]],"o":[[-11.709,-5.955],[6.356,-10.006],[4.063,4.684],[16.201,5.498],[0,0]],"v":[[-37.084,8.847],[-64.981,-4.879],[-44.29,-34.986],[1.705,-14.354],[42.779,-11.534]],"c":false},"ix":2},"nm":"Path 2","mn":"ADBE Vector Shape - Group","hd":false},{"ty":"fl","c":{"a":0,"k":[1,1,1,1],"ix":4},"o":{"a":0,"k":100,"ix":5},"r":1,"bm":0,"nm":"Fill 1","mn":"ADBE Vector Graphic - Fill","hd":false},{"ty":"tr","p":{"a":0,"k":[67.381,39.308],"ix":2},"a":{"a":0,"k":[0,0],"ix":1},"s":{"a":0,"k":[100,100],"ix":3},"r":{"a":0,"k":0,"ix":6},"o":{"a":0,"k":100,"ix":7},"sk":{"a":0,"k":0,"ix":4},"sa":{"a":0,"k":0,"ix":5},"nm":"Transform"}],"nm":"Group 4","np":3,"cix":2,"bm":0,"ix":4,"mn":"ADBE Vector Group","hd":false}],"ip":0,"op":121,"st":0,"bm":0},{"ddd":0,"ind":15,"ty":4,"nm":"Слой 15 Outlines","parent":14,"sr":1,"ks":{"o":{"a":0,"k":100,"ix":11},"r":{"a":0,"k":0,"ix":10},"p":{"a":0,"k":[64.5,47.03,0],"ix":2},"a":{"a":0,"k":[77.857,36.304,0],"ix":1},"s":{"a":0,"k":[100,100,100],"ix":6}},"ao":0,"shapes":[{"ty":"gr","it":[{"ind":0,"ty":"sh","ix":1,"ks":{"a":0,"k":{"i":[[0,0],[-5.869,0.907],[4.796,-25.101],[13.242,4.99]],"o":[[28.143,6.188],[3.604,-0.557],[-19.25,-2.786],[0,0]],"v":[[-45.794,-32.085],[71.853,-7.006],[54.151,33.904],[3.843,20.956]],"c":false},"ix":2},"nm":"Path 1","mn":"ADBE Vector Shape - Group","hd":false},{"ind":1,"ty":"sh","ix":2,"ks":{"a":0,"k":{"i":[[0,0],[18.134,4.758],[-3.716,0]],"o":[[-22.626,-3.746],[8.059,-8.482],[0,0]],"v":[[-10.719,14.693],[-75.457,-7.007],[-54.867,-33.904]],"c":false},"ix":2},"nm":"Path 2","mn":"ADBE Vector Shape - Group","hd":false},{"ty":"st","c":{"a":0,"k":[0.169000004787,0.176000004189,0.219999994016,1],"ix":3},"o":{"a":0,"k":100,"ix":4},"w":{"a":0,"k":2.4,"ix":5},"lc":2,"lj":1,"ml":4,"bm":0,"nm":"Stroke 1","mn":"ADBE Vector Graphic - Stroke","hd":false},{"ty":"tr","p":{"a":0,"k":[77.857,36.305],"ix":2},"a":{"a":0,"k":[0,0],"ix":1},"s":{"a":0,"k":[100,100],"ix":3},"r":{"a":0,"k":0,"ix":6},"o":{"a":0,"k":100,"ix":7},"sk":{"a":0,"k":0,"ix":4},"sa":{"a":0,"k":0,"ix":5},"nm":"Transform"}],"nm":"Group 1","np":3,"cix":2,"bm":0,"ix":1,"mn":"ADBE Vector Group","hd":false},{"ty":"gr","it":[{"ind":0,"ty":"sh","ix":1,"ks":{"a":0,"k":{"i":[[0,0],[0,0],[0,-7.107],[13.288,4.965],[-0.83,0.744]],"o":[[0,0],[-8.698,13.59],[-10.276,0],[-13.288,-4.965],[17.05,-15.265]],"v":[[48.054,-14.048],[59.53,-14.048],[46.485,16.997],[19.12,11.182],[-7.033,6.414]],"c":true},"ix":2},"nm":"Path 1","mn":"ADBE Vector Shape - Group","hd":false},{"ind":1,"ty":"sh","ix":2,"ks":{"a":0,"k":{"i":[[12.181,4.942],[0,0],[2.396,2.718]],"o":[[0,0],[0,0],[-1.596,-1.811]],"v":[[-56.526,-16.997],[-59.53,-14.159],[-35.86,-6.866]],"c":true},"ix":2},"nm":"Path 2","mn":"ADBE Vector Shape - Group","hd":false},{"ty":"fl","c":{"a":0,"k":[0.776000019148,0.795999983245,0.870999983245,1],"ix":4},"o":{"a":0,"k":100,"ix":5},"r":1,"bm":0,"nm":"Fill 1","mn":"ADBE Vector Graphic - Fill","hd":false},{"ty":"tr","p":{"a":0,"k":[79.766,45.43],"ix":2},"a":{"a":0,"k":[0,0],"ix":1},"s":{"a":0,"k":[100,100],"ix":3},"r":{"a":0,"k":0,"ix":6},"o":{"a":0,"k":100,"ix":7},"sk":{"a":0,"k":0,"ix":4},"sa":{"a":0,"k":0,"ix":5},"nm":"Transform"}],"nm":"Group 2","np":3,"cix":2,"bm":0,"ix":2,"mn":"ADBE Vector Group","hd":false},{"ty":"gr","it":[{"ind":0,"ty":"sh","ix":1,"ks":{"a":0,"k":{"i":[[0,0],[18.134,4.758],[-3.716,0],[-5.38,-1.185],[-5.847,0.903],[4.796,-25.101],[13.242,4.99]],"o":[[-22.626,-3.746],[8.059,-8.482],[0.59,0],[28.457,6.268],[3.604,-0.557],[-19.25,-2.786],[0,0]],"v":[[-10.719,14.693],[-75.457,-7.007],[-54.867,-33.905],[-45.467,-32.013],[71.853,-7.005],[54.151,33.905],[3.843,20.956]],"c":false},"ix":2},"nm":"Path 1","mn":"ADBE Vector Shape - Group","hd":false},{"ty":"fl","c":{"a":0,"k":[1,1,1,1],"ix":4},"o":{"a":0,"k":100,"ix":5},"r":1,"bm":0,"nm":"Fill 1","mn":"ADBE Vector Graphic - Fill","hd":false},{"ty":"tr","p":{"a":0,"k":[77.857,36.304],"ix":2},"a":{"a":0,"k":[0,0],"ix":1},"s":{"a":0,"k":[100,100],"ix":3},"r":{"a":0,"k":0,"ix":6},"o":{"a":0,"k":100,"ix":7},"sk":{"a":0,"k":0,"ix":4},"sa":{"a":0,"k":0,"ix":5},"nm":"Transform"}],"nm":"Group 3","np":2,"cix":2,"bm":0,"ix":3,"mn":"ADBE Vector Group","hd":false}],"ip":0,"op":121,"st":0,"bm":0},{"ddd":0,"ind":17,"ty":4,"nm":"Слой 2 Outlines 3","sr":1,"ks":{"o":{"a":0,"k":100,"ix":11},"r":{"a":0,"k":0,"ix":10},"p":{"a":1,"k":[{"i":{"x":0.563,"y":0.563},"o":{"x":0.167,"y":0.167},"t":-88,"s":[217.434,117.884,0],"to":[-275,11.5,0],"ti":[-29.5,-8,0]},{"i":{"x":0.666,"y":0.666},"o":{"x":0.319,"y":0.319},"t":-51.963,"s":[138.434,283.884,0],"to":[29.5,8,0],"ti":[-140,31.5,0]},{"i":{"x":0.672,"y":0.672},"o":{"x":0.337,"y":0.337},"t":-17.565,"s":[433.934,304.884,0],"to":[71.435,-16.073,0],"ti":[0,0,0]},{"i":{"x":0.833,"y":0.833},"o":{"x":0.435,"y":0.435},"t":-7.239,"s":[499.434,253.384,0],"to":[0,0,0],"ti":[275,-11.5,0]},{"t":32,"s":[217.434,117.884,0]}],"ix":2,"x":"var $bm_rt;\n$bm_rt = loopOut('cycle', 0);"},"a":{"a":0,"k":[229.447,92.616,0],"ix":1},"s":{"a":0,"k":[100,100,100],"ix":6}},"ao":0,"shapes":[{"ty":"gr","it":[{"ind":0,"ty":"sh","ix":1,"ks":{"a":0,"k":{"i":[[0,0],[0,0]],"o":[[0,0],[0,0]],"v":[[-2.082,12.43],[-18.082,1.23]],"c":false},"ix":2},"nm":"Path 1","mn":"ADBE Vector Shape - Group","hd":false},{"ind":1,"ty":"sh","ix":2,"ks":{"a":0,"k":{"i":[[0,0],[0,0]],"o":[[0,0],[0,0]],"v":[[15.163,12.49],[-20.564,-12.49]],"c":false},"ix":2},"nm":"Path 2","mn":"ADBE Vector Shape - Group","hd":false},{"ind":2,"ty":"sh","ix":3,"ks":{"a":0,"k":{"i":[[0,0],[0,0]],"o":[[0,0],[0,0]],"v":[[20.564,4.785],[-2.555,-11.42]],"c":false},"ix":2},"nm":"Path 3","mn":"ADBE Vector Shape - Group","hd":false},{"ty":"st","c":{"a":0,"k":[0.894000004787,0.902000038297,0.948999980852,1],"ix":3},"o":{"a":0,"k":100,"ix":4},"w":{"a":0,"k":3.2,"ix":5},"lc":2,"lj":1,"ml":4,"bm":0,"nm":"Stroke 1","mn":"ADBE Vector Graphic - Stroke","hd":false},{"ty":"tr","p":{"a":0,"k":[224.027,102.798],"ix":2},"a":{"a":0,"k":[0,0],"ix":1},"s":{"a":0,"k":[100,100],"ix":3},"r":{"a":0,"k":0,"ix":6},"o":{"a":0,"k":100,"ix":7},"sk":{"a":0,"k":0,"ix":4},"sa":{"a":0,"k":0,"ix":5},"nm":"Transform"}],"nm":"Group 1","np":4,"cix":2,"bm":0,"ix":1,"mn":"ADBE Vector Group","hd":false},{"ty":"gr","it":[{"ind":0,"ty":"sh","ix":1,"ks":{"a":0,"k":{"i":[[3.058,0],[0,-3.057],[-3.057,0],[0,3.057]],"o":[[-3.057,0],[0,3.057],[3.058,0],[0,-3.057]],"v":[[0,-5.535],[-5.535,0.001],[0,5.535],[5.535,0.001]],"c":true},"ix":2},"nm":"Path 1","mn":"ADBE Vector Shape - Group","hd":false},{"ty":"fl","c":{"a":0,"k":[0.776000019148,0.795999983245,0.870999983245,1],"ix":4},"o":{"a":0,"k":100,"ix":5},"r":1,"bm":0,"nm":"Fill 1","mn":"ADBE Vector Graphic - Fill","hd":false},{"ty":"tr","p":{"a":0,"k":[198.81,126.362],"ix":2},"a":{"a":0,"k":[0,0],"ix":1},"s":{"a":0,"k":[100,100],"ix":3},"r":{"a":0,"k":0,"ix":6},"o":{"a":0,"k":100,"ix":7},"sk":{"a":0,"k":0,"ix":4},"sa":{"a":0,"k":0,"ix":5},"nm":"Transform"}],"nm":"Group 2","np":2,"cix":2,"bm":0,"ix":2,"mn":"ADBE Vector Group","hd":false},{"ty":"gr","it":[{"ind":0,"ty":"sh","ix":1,"ks":{"a":0,"k":{"i":[[0,0],[0,0]],"o":[[0,0],[0,0]],"v":[[-40.891,-6.338],[-39.457,-8.614]],"c":false},"ix":2},"nm":"Path 1","mn":"ADBE Vector Shape - Group","hd":false},{"ind":1,"ty":"sh","ix":2,"ks":{"a":0,"k":{"i":[[0,0],[26.703,-36.698],[0,0],[1.454,1.058],[0,0],[-0.941,1.445],[0,0]],"o":[[-0.015,0.02],[0,0],[-1.057,1.453],[0,0],[-1.389,-1.023],[0,0],[0,0]],"v":[[60.495,-10.058],[28.96,33.427],[3.389,68.567],[-1.158,69.284],[-58.758,26.854],[-59.554,22.456],[-51.355,9.874]],"c":false},"ix":2},"nm":"Path 2","mn":"ADBE Vector Shape - Group","hd":false},{"ind":2,"ty":"sh","ix":3,"ks":{"a":0,"k":{"i":[[0,0],[0,0],[-1.506,-0.981],[-20.842,-14.066]],"o":[[0,0],[0.981,-1.506],[0.011,0.006],[0,0]],"v":[[-35.837,-13.939],[-0.343,-68.411],[4.161,-69.361],[47.699,-39.237]],"c":false},"ix":2},"nm":"Path 3","mn":"ADBE Vector Shape - Group","hd":false},{"ty":"st","c":{"a":0,"k":[0.169000004787,0.176000004189,0.219999994016,1],"ix":3},"o":{"a":0,"k":100,"ix":4},"w":{"a":0,"k":2.4,"ix":5},"lc":2,"lj":1,"ml":4,"bm":0,"nm":"Stroke 1","mn":"ADBE Vector Graphic - Stroke","hd":false},{"ty":"tr","p":{"a":0,"k":[225.237,87.094],"ix":2},"a":{"a":0,"k":[0,0],"ix":1},"s":{"a":0,"k":[100,100],"ix":3},"r":{"a":0,"k":0,"ix":6},"o":{"a":0,"k":100,"ix":7},"sk":{"a":0,"k":0,"ix":4},"sa":{"a":0,"k":0,"ix":5},"nm":"Transform"}],"nm":"Group 3","np":4,"cix":2,"bm":0,"ix":3,"mn":"ADBE Vector Group","hd":false},{"ty":"gr","it":[{"ind":0,"ty":"sh","ix":1,"ks":{"a":0,"k":{"i":[[0,0],[0,0],[1.421,1.046],[0,0],[-0.931,1.421],[0,0],[-1.479,-0.968],[-0.012,-0.008],[0,0],[0.989,-1.465],[0.027,-0.037]],"o":[[0,0],[-1.049,1.418],[0,0],[-1.368,-1.007],[0,0],[0.967,-1.479],[0.013,0.008],[0,0],[1.465,0.989],[-0.025,0.038],[0,0]],"v":[[56.793,-19.47],[5.306,50.104],[0.836,50.777],[-49.328,13.825],[-50.108,9.495],[-4.151,-60.711],[0.279,-61.637],[0.317,-61.612],[56.009,-24.026],[56.871,-19.582],[56.791,-19.47]],"c":true},"ix":2},"nm":"Path 1","mn":"ADBE Vector Shape - Group","hd":false},{"ind":1,"ty":"sh","ix":2,"ks":{"a":0,"k":{"i":[[0,0],[1.43,1.04],[0.031,0.021],[0,0],[0,0],[0.964,-1.481],[0,0],[0,0],[0,0],[0,0],[0,0],[-1.365,-1.006],[0,0],[0,0],[-1.04,1.429],[0,0]],"o":[[1.04,-1.429],[-0.03,-0.022],[0,0],[0,0],[-1.48,-0.965],[0,0],[0,0],[0,0],[0,0],[0,0],[-0.926,1.421],[0,0],[0,0],[1.428,1.04],[0,0],[0,0]],"v":[[63.122,-21.194],[62.418,-25.663],[62.325,-25.728],[-0.552,-68.164],[-0.595,-68.193],[-5.023,-67.259],[-39.921,-13.704],[-44.036,-7.388],[-47.706,-1.755],[-55.176,9.709],[-63.237,22.079],[-62.454,26.403],[-5.839,68.107],[-5.824,68.118],[-1.354,67.414],[23.786,32.865]],"c":true},"ix":2},"nm":"Path 2","mn":"ADBE Vector Shape - Group","hd":false},{"ty":"fl","c":{"a":0,"k":[1,1,1,1],"ix":4},"o":{"a":0,"k":100,"ix":5},"r":1,"bm":0,"nm":"Fill 1","mn":"ADBE Vector Graphic - Fill","hd":false},{"ty":"tr","p":{"a":0,"k":[230.003,87.093],"ix":2},"a":{"a":0,"k":[0,0],"ix":1},"s":{"a":0,"k":[100,100],"ix":3},"r":{"a":0,"k":0,"ix":6},"o":{"a":0,"k":100,"ix":7},"sk":{"a":0,"k":0,"ix":4},"sa":{"a":0,"k":0,"ix":5},"nm":"Transform"}],"nm":"Group 4","np":3,"cix":2,"bm":0,"ix":4,"mn":"ADBE Vector Group","hd":false},{"ty":"gr","it":[{"ind":0,"ty":"sh","ix":1,"ks":{"a":0,"k":{"i":[[0,0],[2.096,1.267],[5.811,2.611],[5.413,3.076],[2.808,1.76],[3.822,2.457]],"o":[[-3.75,-2.227],[-3.143,-1.9],[-5.809,-2.61],[-5.412,-3.076],[-1.669,-1.047],[0,0]],"v":[[20.4,12.447],[11.629,7.206],[10.511,-8.777],[-12.528,8.896],[-12.162,-7.191],[-20.4,-12.447]],"c":false},"ix":2},"nm":"Path 1","mn":"ADBE Vector Shape - Group","hd":false},{"ty":"st","c":{"a":0,"k":[0.894000004787,0.902000038297,0.948999980852,1],"ix":3},"o":{"a":0,"k":100,"ix":4},"w":{"a":0,"k":3.2,"ix":5},"lc":2,"lj":1,"ml":4,"bm":0,"nm":"Stroke 1","mn":"ADBE Vector Graphic - Stroke","hd":false},{"ty":"tr","p":{"a":0,"k":[238.463,69.069],"ix":2},"a":{"a":0,"k":[0,0],"ix":1},"s":{"a":0,"k":[100,100],"ix":3},"r":{"a":0,"k":0,"ix":6},"o":{"a":0,"k":100,"ix":7},"sk":{"a":0,"k":0,"ix":4},"sa":{"a":0,"k":0,"ix":5},"nm":"Transform"}],"nm":"Group 5","np":2,"cix":2,"bm":0,"ix":5,"mn":"ADBE Vector Group","hd":false},{"ty":"gr","it":[{"ind":0,"ty":"sh","ix":1,"ks":{"a":0,"k":{"i":[[-9.621,13.267],[8.775,3.535],[32.012,-48.205],[0,0]],"o":[[-28.096,-17.122],[-3.392,5.371],[0,0],[31.658,-42.402]],"v":[[56.035,-23.911],[-2.929,-59.592],[-56.035,20.773],[-5.883,59.592]],"c":true},"ix":2},"nm":"Path 1","mn":"ADBE Vector Shape - Group","hd":false},{"ty":"fl","c":{"a":0,"k":[1,1,1,1],"ix":4},"o":{"a":0,"k":100,"ix":5},"r":1,"bm":0,"nm":"Fill 1","mn":"ADBE Vector Graphic - Fill","hd":false},{"ty":"tr","p":{"a":0,"k":[232.958,95.679],"ix":2},"a":{"a":0,"k":[0,0],"ix":1},"s":{"a":0,"k":[100,100],"ix":3},"r":{"a":0,"k":0,"ix":6},"o":{"a":0,"k":100,"ix":7},"sk":{"a":0,"k":0,"ix":4},"sa":{"a":0,"k":0,"ix":5},"nm":"Transform"}],"nm":"Group 6","np":2,"cix":2,"bm":0,"ix":6,"mn":"ADBE Vector Group","hd":false},{"ty":"gr","it":[{"ind":0,"ty":"sh","ix":1,"ks":{"a":0,"k":{"i":[[0,0],[0,0],[0.926,-1.373],[24.611,-33.823],[0,0],[1.339,0.975],[0,0],[-0.869,1.332],[0,0],[0,0],[0,0],[0,0],[0,0],[-1.389,-0.904],[0,0],[0,0]],"o":[[0,0],[1.374,0.927],[-0.014,0.02],[0,0],[-0.974,1.339],[0,0],[-1.28,-0.943],[0,0],[0,0],[0,0],[0,0],[0,0],[0.904,-1.388],[0,0],[0,0],[0,0]],"v":[[134.785,-11.371],[144.428,-4.862],[145.238,-0.698],[108.301,50.066],[84.732,82.454],[80.544,83.114],[27.454,44.008],[26.721,39.955],[34.278,28.358],[41.281,17.611],[44.721,12.331],[48.58,6.411],[81.294,-43.795],[85.445,-44.671],[114.272,-25.216],[118.486,-22.372]],"c":false},"ix":2},"nm":"Path 2","mn":"ADBE Vector Shape - Group","hd":false},{"ty":"fl","c":{"a":0,"k":[0.776000019148,0.795999983245,0.870999983245,1],"ix":4},"o":{"a":0,"k":100,"ix":5},"r":1,"bm":0,"nm":"Fill 1","mn":"ADBE Vector Graphic - Fill","hd":false},{"ty":"tr","p":{"a":0,"k":[146.413,84.339],"ix":2},"a":{"a":0,"k":[0,0],"ix":1},"s":{"a":0,"k":[100,100],"ix":3},"r":{"a":0,"k":0,"ix":6},"o":{"a":0,"k":100,"ix":7},"sk":{"a":0,"k":0,"ix":4},"sa":{"a":0,"k":0,"ix":5},"nm":"Transform"}],"nm":"Group 7","np":2,"cix":2,"bm":0,"ix":7,"mn":"ADBE Vector Group","hd":false}],"ip":0,"op":121,"st":-88,"bm":0},{"ddd":0,"ind":18,"ty":4,"nm":"Shape Layer 3","parent":17,"sr":1,"ks":{"o":{"a":0,"k":100,"ix":11},"r":{"a":0,"k":0,"ix":10},"p":{"a":0,"k":[401.087,196.604,0],"ix":2},"a":{"a":0,"k":[0,0,0],"ix":1},"s":{"a":0,"k":[100,100,100],"ix":6}},"ao":0,"shapes":[{"ty":"gr","it":[{"ind":0,"ty":"sh","ix":1,"ks":{"a":0,"k":{"i":[[0,0],[0,0],[0,0],[0,0],[0,0],[0,0],[0,0]],"o":[[0,0],[0,0],[0,0],[0,0],[0,0],[0,0],[0,0]],"v":[[-173.25,-177.75],[-234.75,-84.25],[-175.25,-39.25],[-112.5,-127.25],[-111.5,-132.75],[-135.75,-154.25],[-163.75,-171]],"c":true},"ix":2},"nm":"Path 1","mn":"ADBE Vector Shape - Group","hd":false},{"ty":"st","c":{"a":0,"k":[0,0,0,1],"ix":3},"o":{"a":0,"k":100,"ix":4},"w":{"a":0,"k":0,"ix":5},"lc":1,"lj":1,"ml":4,"bm":0,"nm":"Stroke 1","mn":"ADBE Vector Graphic - Stroke","hd":false},{"ty":"fl","c":{"a":0,"k":[1,1,1,1],"ix":4},"o":{"a":0,"k":100,"ix":5},"r":1,"bm":0,"nm":"Fill 1","mn":"ADBE Vector Graphic - Fill","hd":false},{"ty":"tr","p":{"a":0,"k":[0,0],"ix":2},"a":{"a":0,"k":[0,0],"ix":1},"s":{"a":0,"k":[100,100],"ix":3},"r":{"a":0,"k":0,"ix":6},"o":{"a":0,"k":100,"ix":7},"sk":{"a":0,"k":0,"ix":4},"sa":{"a":0,"k":0,"ix":5},"nm":"Transform"}],"nm":"Shape 1","np":3,"cix":2,"bm":0,"ix":1,"mn":"ADBE Vector Group","hd":false}],"ip":0,"op":121,"st":0,"bm":0},{"ddd":0,"ind":19,"ty":4,"nm":"Слой 3 Outlines","sr":1,"ks":{"o":{"a":0,"k":100,"ix":11},"r":{"a":0,"k":0,"ix":10},"p":{"a":1,"k":[{"i":{"x":0.562,"y":0.562},"o":{"x":0.167,"y":0.167},"t":-32,"s":[272.379,57.995,0],"to":[-83.138,-0.607,0],"ti":[-37,-145,0]},{"i":{"x":0.674,"y":0.674},"o":{"x":0.312,"y":0.312},"t":-16.198,"s":[56.879,218.495,0],"to":[37,145,0],"ti":[-118.027,86.104,0]},{"i":{"x":0.833,"y":0.833},"o":{"x":0.43,"y":0.43},"t":8.138,"s":[488.879,292.495,0],"to":[85.992,-62.734,0],"ti":[205.5,1.5,0]},{"t":28,"s":[272.379,57.995,0]}],"ix":2,"x":"var $bm_rt;\n$bm_rt = loopOut('cycle', 0);"},"a":{"a":0,"k":[38.39,29.297,0],"ix":1},"s":{"a":0,"k":[100,100,100],"ix":6}},"ao":0,"shapes":[{"ty":"gr","it":[{"ind":0,"ty":"sh","ix":1,"ks":{"a":0,"k":{"i":[[0,0],[0,0]],"o":[[-5.61,-0.666],[0,0]],"v":[[2.087,6.8],[-9.023,1.989]],"c":false},"ix":2},"nm":"Path 1","mn":"ADBE Vector Shape - Group","hd":false},{"ind":1,"ty":"sh","ix":2,"ks":{"a":0,"k":{"i":[[0,0],[2.818,3.812]],"o":[[-6.722,-0.989],[0,0]],"v":[[9.023,0.402],[-5.287,-6.8]],"c":false},"ix":2},"nm":"Path 2","mn":"ADBE Vector Shape - Group","hd":false},{"ty":"st","c":{"a":0,"k":[0.894000004787,0.902000038297,0.948999980852,1],"ix":3},"o":{"a":0,"k":100,"ix":4},"w":{"a":0,"k":3.2,"ix":5},"lc":2,"lj":1,"ml":4,"bm":0,"nm":"Stroke 1","mn":"ADBE Vector Graphic - Stroke","hd":false},{"ty":"tr","p":{"a":0,"k":[43.056,33.995],"ix":2},"a":{"a":0,"k":[0,0],"ix":1},"s":{"a":0,"k":[100,100],"ix":3},"r":{"a":0,"k":0,"ix":6},"o":{"a":0,"k":100,"ix":7},"sk":{"a":0,"k":0,"ix":4},"sa":{"a":0,"k":0,"ix":5},"nm":"Transform"}],"nm":"Group 1","np":3,"cix":2,"bm":0,"ix":1,"mn":"ADBE Vector Group","hd":false},{"ty":"gr","it":[{"ind":0,"ty":"sh","ix":1,"ks":{"a":0,"k":{"i":[[0,0],[-1.916,-0.718],[-7.502,5.968],[-4.98,1.215],[4.312,1.212],[-1.382,0]],"o":[[2.267,1.248],[4.358,1.633],[11.501,-9.15],[1.345,-0.328],[-5.71,-1.605],[0,0]],"v":[[-21.464,22.856],[-16.719,25.265],[4.288,20.93],[28.329,-4.096],[20.956,-4.807],[13.372,-7.695]],"c":false},"ix":2},"nm":"Path 1","mn":"ADBE Vector Shape - Group","hd":false},{"ind":1,"ty":"sh","ix":2,"ks":{"a":0,"k":{"i":[[0,0],[-0.776,-0.467]],"o":[[0.733,0.48],[0,0]],"v":[[-28.844,18.553],[-27.236,19.674]],"c":false},"ix":2},"nm":"Path 2","mn":"ADBE Vector Shape - Group","hd":false},{"ind":2,"ty":"sh","ix":3,"ks":{"a":0,"k":{"i":[[0,0],[0.424,0],[8.972,0],[0,8.692],[13.633,-5.594],[-0.985,-2.273],[-1.184,-0.728]],"o":[[3.984,-3.097],[-0.61,0],[-8.97,0],[0,-8.69],[-5.877,2.411],[0.507,1.172],[0,0]],"v":[[19.825,-10.037],[25.269,-18.208],[27.019,-4.096],[4.288,-18.208],[-25.46,10.485],[-35.005,13.162],[-31.719,16.445]],"c":false},"ix":2},"nm":"Path 3","mn":"ADBE Vector Shape - Group","hd":false},{"ty":"st","c":{"a":0,"k":[0.169000004787,0.176000004189,0.219999994016,1],"ix":3},"o":{"a":0,"k":100,"ix":4},"w":{"a":0,"k":2.4,"ix":5},"lc":2,"lj":1,"ml":4,"bm":0,"nm":"Stroke 1","mn":"ADBE Vector Graphic - Stroke","hd":false},{"ty":"fl","c":{"a":0,"k":[1,1,1,1],"ix":4},"o":{"a":0,"k":100,"ix":5},"r":1,"bm":0,"nm":"Fill 1","mn":"ADBE Vector Graphic - Fill","hd":false},{"ty":"tr","p":{"a":0,"k":[38.39,29.298],"ix":2},"a":{"a":0,"k":[0,0],"ix":1},"s":{"a":0,"k":[100,100],"ix":3},"r":{"a":0,"k":0,"ix":6},"o":{"a":0,"k":100,"ix":7},"sk":{"a":0,"k":0,"ix":4},"sa":{"a":0,"k":0,"ix":5},"nm":"Transform"}],"nm":"Group 2","np":5,"cix":2,"bm":0,"ix":2,"mn":"ADBE Vector Group","hd":false},{"ty":"gr","it":[{"ind":0,"ty":"sh","ix":1,"ks":{"a":0,"k":{"i":[[0,0],[0.61,0],[8.972,0],[-6.156,-5.491],[-2.182,0.533],[4.312,1.212],[-1.382,0]],"o":[[8.334,0],[-0.61,0],[-8.97,0],[4.8,4.282],[1.345,-0.328],[-5.71,-1.604],[0,0]],"v":[[-8.231,3.19],[3.665,-7.322],[5.415,6.789],[-8.231,1.987],[6.725,6.789],[-0.646,6.077],[-8.231,3.189]],"c":true},"ix":2},"nm":"Path 1","mn":"ADBE Vector Shape - Group","hd":false},{"ty":"fl","c":{"a":0,"k":[0.776000019148,0.795999983245,0.870999983245,1],"ix":4},"o":{"a":0,"k":100,"ix":5},"r":1,"bm":0,"nm":"Fill 1","mn":"ADBE Vector Graphic - Fill","hd":false},{"ty":"tr","p":{"a":0,"k":[56.794,15.465],"ix":2},"a":{"a":0,"k":[0,0],"ix":1},"s":{"a":0,"k":[100,100],"ix":3},"r":{"a":0,"k":0,"ix":6},"o":{"a":0,"k":100,"ix":7},"sk":{"a":0,"k":0,"ix":4},"sa":{"a":0,"k":0,"ix":5},"nm":"Transform"}],"nm":"Group 3","np":2,"cix":2,"bm":0,"ix":3,"mn":"ADBE Vector Group","hd":false}],"ip":0,"op":121,"st":0,"bm":0},{"ddd":0,"ind":20,"ty":4,"nm":"Shape Layer 4","parent":19,"sr":1,"ks":{"o":{"a":0,"k":100,"ix":11},"r":{"a":0,"k":0,"ix":10},"p":{"a":0,"k":[62.879,221.495,0],"ix":2},"a":{"a":0,"k":[0,0,0],"ix":1},"s":{"a":0,"k":[100,100,100],"ix":6}},"ao":0,"shapes":[{"ty":"gr","it":[{"ind":0,"ty":"sh","ix":1,"ks":{"a":0,"k":{"i":[[0,0],[0,0],[0,0],[0,0],[0,0],[-2.938,-1.063],[0,0],[0,0]],"o":[[0,0],[0,0],[0,0],[0,0],[0,0],[2.938,1.063],[0,0],[0,0]],"v":[[-14.625,-201.125],[-29.875,-201.063],[-43.938,-184.813],[-51.938,-180.563],[-59.938,-178.938],[-42.75,-167.5],[-27.25,-166.938],[0.438,-195.938]],"c":true},"ix":2},"nm":"Path 1","mn":"ADBE Vector Shape - Group","hd":false},{"ty":"st","c":{"a":0,"k":[0,0,0,1],"ix":3},"o":{"a":0,"k":100,"ix":4},"w":{"a":0,"k":0,"ix":5},"lc":1,"lj":1,"ml":4,"bm":0,"nm":"Stroke 1","mn":"ADBE Vector Graphic - Stroke","hd":false},{"ty":"fl","c":{"a":0,"k":[1,1,1,1],"ix":4},"o":{"a":0,"k":100,"ix":5},"r":1,"bm":0,"nm":"Fill 1","mn":"ADBE Vector Graphic - Fill","hd":false},{"ty":"tr","p":{"a":0,"k":[0,0],"ix":2},"a":{"a":0,"k":[0,0],"ix":1},"s":{"a":0,"k":[100,100],"ix":3},"r":{"a":0,"k":0,"ix":6},"o":{"a":0,"k":100,"ix":7},"sk":{"a":0,"k":0,"ix":4},"sa":{"a":0,"k":0,"ix":5},"nm":"Transform"}],"nm":"Shape 1","np":3,"cix":2,"bm":0,"ix":1,"mn":"ADBE Vector Group","hd":false}],"ip":0,"op":121,"st":0,"bm":0},{"ddd":0,"ind":21,"ty":4,"nm":"Слой 2 Outlines 2","parent":15,"sr":1,"ks":{"o":{"a":0,"k":100,"ix":11},"r":{"a":0,"k":0,"ix":10},"p":{"a":0,"k":[152.558,95.289,0],"ix":2},"a":{"a":0,"k":[147.208,84.339,0],"ix":1},"s":{"a":0,"k":[100,100,100],"ix":6}},"ao":0,"shapes":[{"ty":"gr","it":[{"ind":0,"ty":"sh","ix":1,"ks":{"a":0,"k":{"i":[[0,0],[18.134,4.758],[-3.716,0],[-6.951,1.074],[4.796,-25.101],[13.242,4.99]],"o":[[-22.626,-3.746],[8.059,-8.482],[3.714,0],[3.605,-0.557],[-19.25,-2.786],[0,0]],"v":[[-81.425,-35.491],[-146.163,-57.191],[-125.574,-84.089],[1.145,-57.19],[-16.555,-16.28],[-66.864,-29.228]],"c":false},"ix":2},"nm":"Path 1","mn":"ADBE Vector Shape - Group","hd":false},{"ty":"fl","c":{"a":0,"k":[0.776000019148,0.795999983245,0.870999983245,1],"ix":4},"o":{"a":0,"k":100,"ix":5},"r":1,"bm":0,"nm":"Fill 1","mn":"ADBE Vector Graphic - Fill","hd":false},{"ty":"tr","p":{"a":0,"k":[146.413,84.339],"ix":2},"a":{"a":0,"k":[0,0],"ix":1},"s":{"a":0,"k":[100,100],"ix":3},"r":{"a":0,"k":0,"ix":6},"o":{"a":0,"k":100,"ix":7},"sk":{"a":0,"k":0,"ix":4},"sa":{"a":0,"k":0,"ix":5},"nm":"Transform"}],"nm":"Group 7","np":2,"cix":2,"bm":0,"ix":1,"mn":"ADBE Vector Group","hd":false}],"ip":0,"op":121,"st":0,"bm":0},{"ddd":0,"ind":22,"ty":4,"nm":"Shape Layer 10","td":1,"sr":1,"ks":{"o":{"a":0,"k":100,"ix":11},"r":{"a":0,"k":0,"ix":10},"p":{"a":0,"k":[286,237.5,0],"ix":2},"a":{"a":0,"k":[0,0,0],"ix":1},"s":{"a":0,"k":[100,100,100],"ix":6}},"ao":0,"shapes":[{"ty":"gr","it":[{"ind":0,"ty":"sh","ix":1,"ks":{"a":0,"k":{"i":[[0,0],[-5.5,-24.5],[-99,-10.5]],"o":[[0,0],[5.5,24.5],[99,10.5]],"v":[[-196.5,-65.5],[-217,-24],[-80,64]],"c":false},"ix":2},"nm":"Path 1","mn":"ADBE Vector Shape - Group","hd":false},{"ty":"st","c":{"a":0,"k":[1,0.839215446921,0,1],"ix":3},"o":{"a":0,"k":100,"ix":4},"w":{"a":0,"k":5,"ix":5},"lc":2,"lj":1,"ml":4,"bm":0,"nm":"Stroke 1","mn":"ADBE Vector Graphic - Stroke","hd":false},{"ty":"tr","p":{"a":0,"k":[0,0],"ix":2},"a":{"a":0,"k":[0,0],"ix":1},"s":{"a":0,"k":[100,100],"ix":3},"r":{"a":0,"k":0,"ix":6},"o":{"a":0,"k":100,"ix":7},"sk":{"a":0,"k":0,"ix":4},"sa":{"a":0,"k":0,"ix":5},"nm":"Transform"}],"nm":"Shape 1","np":3,"cix":2,"bm":0,"ix":1,"mn":"ADBE Vector Group","hd":false},{"ty":"tm","s":{"a":1,"k":[{"i":{"x":[0.47],"y":[1]},"o":{"x":[0.167],"y":[0]},"t":0,"s":[0]},{"i":{"x":[0.47],"y":[1]},"o":{"x":[0.53],"y":[0]},"t":10,"s":[0]},{"i":{"x":[0.833],"y":[1]},"o":{"x":[0.53],"y":[0]},"t":34,"s":[100]},{"t":60,"s":[100]}],"ix":1,"x":"var $bm_rt;\n$bm_rt = loopOut('cycle', 0);"},"e":{"a":1,"k":[{"i":{"x":[0.47],"y":[1]},"o":{"x":[0.53],"y":[0]},"t":0,"s":[0]},{"i":{"x":[0.833],"y":[1]},"o":{"x":[0.53],"y":[0]},"t":24,"s":[100]},{"t":60,"s":[100]}],"ix":2,"x":"var $bm_rt;\n$bm_rt = loopOut('cycle', 0);"},"o":{"a":0,"k":0,"ix":3},"m":1,"ix":2,"nm":"Trim Paths 1","mn":"ADBE Vector Filter - Trim","hd":false}],"ip":0,"op":121,"st":0,"bm":0},{"ddd":0,"ind":23,"ty":4,"nm":"Слой 6 Outlines","tt":1,"sr":1,"ks":{"o":{"a":0,"k":100,"ix":11},"r":{"a":0,"k":0,"ix":10},"p":{"a":0,"k":[113.345,236.889,0],"ix":2},"a":{"a":0,"k":[78.408,63.289,0],"ix":1},"s":{"a":0,"k":[100,100,100],"ix":6}},"ao":0,"shapes":[{"ty":"gr","it":[{"ind":0,"ty":"sh","ix":1,"ks":{"a":0,"k":{"i":[[0,0],[-1.5,-0.275]],"o":[[0.852,0.21],[0,0]],"v":[[71.323,59.943],[76.008,60.889]],"c":false},"ix":2},"nm":"Path 1","mn":"ADBE Vector Shape - Group","hd":false},{"ind":1,"ty":"sh","ix":2,"ks":{"a":0,"k":{"i":[[0,0],[-1.312,-0.284]],"o":[[1.374,0.347],[0,0]],"v":[[62.513,57.671],[67.215,58.803]],"c":false},"ix":2},"nm":"Path 2","mn":"ADBE Vector Shape - Group","hd":false},{"ind":2,"ty":"sh","ix":3,"ks":{"a":0,"k":{"i":[[0,0],[-54.257,-18.686]],"o":[[-48.423,47.112],[0,0]],"v":[[-27.585,-60.889],[42.165,52.021]],"c":false},"ix":2},"nm":"Path 3","mn":"ADBE Vector Shape - Group","hd":false},{"ty":"st","c":{"a":0,"k":[0.169000004787,0.176000004189,0.219999994016,1],"ix":3},"o":{"a":0,"k":100,"ix":4},"w":{"a":0,"k":2.4,"ix":5},"lc":2,"lj":1,"ml":4,"bm":0,"nm":"Stroke 1","mn":"ADBE Vector Graphic - Stroke","hd":false},{"ty":"tr","p":{"a":0,"k":[78.408,63.289],"ix":2},"a":{"a":0,"k":[0,0],"ix":1},"s":{"a":0,"k":[100,100],"ix":3},"r":{"a":0,"k":0,"ix":6},"o":{"a":0,"k":100,"ix":7},"sk":{"a":0,"k":0,"ix":4},"sa":{"a":0,"k":0,"ix":5},"nm":"Transform"}],"nm":"Group 1","np":4,"cix":2,"bm":0,"ix":1,"mn":"ADBE Vector Group","hd":false}],"ip":0,"op":121,"st":0,"bm":0},{"ddd":0,"ind":24,"ty":4,"nm":"Shape Layer 6","td":1,"sr":1,"ks":{"o":{"a":0,"k":100,"ix":11},"r":{"a":0,"k":0,"ix":10},"p":{"a":0,"k":[286,237.5,0],"ix":2},"a":{"a":0,"k":[0,0,0],"ix":1},"s":{"a":0,"k":[100,100,100],"ix":6}},"ao":0,"shapes":[{"ty":"gr","it":[{"ind":0,"ty":"sh","ix":1,"ks":{"a":0,"k":{"i":[[0,0],[-25,-121.5]],"o":[[0,0],[25,121.5]],"v":[[-78,-173.5],[-222,-38]],"c":false},"ix":2},"nm":"Path 1","mn":"ADBE Vector Shape - Group","hd":false},{"ty":"st","c":{"a":0,"k":[1,0.839215446921,0,1],"ix":3},"o":{"a":0,"k":100,"ix":4},"w":{"a":0,"k":5,"ix":5},"lc":2,"lj":1,"ml":4,"bm":0,"nm":"Stroke 1","mn":"ADBE Vector Graphic - Stroke","hd":false},{"ty":"tr","p":{"a":0,"k":[0,0],"ix":2},"a":{"a":0,"k":[0,0],"ix":1},"s":{"a":0,"k":[100,100],"ix":3},"r":{"a":0,"k":0,"ix":6},"o":{"a":0,"k":100,"ix":7},"sk":{"a":0,"k":0,"ix":4},"sa":{"a":0,"k":0,"ix":5},"nm":"Transform"}],"nm":"Shape 1","np":3,"cix":2,"bm":0,"ix":1,"mn":"ADBE Vector Group","hd":false},{"ty":"tm","s":{"a":1,"k":[{"i":{"x":[0.47],"y":[1]},"o":{"x":[0.167],"y":[0]},"t":-22,"s":[0]},{"i":{"x":[0.47],"y":[1]},"o":{"x":[0.53],"y":[0]},"t":-12,"s":[0]},{"i":{"x":[0.833],"y":[1]},"o":{"x":[0.53],"y":[0]},"t":12,"s":[100]},{"t":38,"s":[100]}],"ix":1,"x":"var $bm_rt;\n$bm_rt = loopOut('cycle', 0);"},"e":{"a":1,"k":[{"i":{"x":[0.47],"y":[1]},"o":{"x":[0.53],"y":[0]},"t":-22,"s":[0]},{"i":{"x":[0.833],"y":[1]},"o":{"x":[0.53],"y":[0]},"t":2,"s":[100]},{"t":38,"s":[100]}],"ix":2,"x":"var $bm_rt;\n$bm_rt = loopOut('cycle', 0);"},"o":{"a":0,"k":0,"ix":3},"m":1,"ix":2,"nm":"Trim Paths 1","mn":"ADBE Vector Filter - Trim","hd":false}],"ip":0,"op":121,"st":-22,"bm":0},{"ddd":0,"ind":25,"ty":4,"nm":"Слой 5 Outlines 3","tt":1,"sr":1,"ks":{"o":{"a":0,"k":100,"ix":11},"r":{"a":0,"k":0,"ix":10},"p":{"a":0,"k":[227.756,137.864,0],"ix":2},"a":{"a":0,"k":[150.357,73.842,0],"ix":1},"s":{"a":0,"k":[100,100,100],"ix":6}},"ao":0,"shapes":[{"ty":"gr","it":[{"ind":0,"ty":"sh","ix":1,"ks":{"a":0,"k":{"i":[[0,0],[19.933,-23.662]],"o":[[-58.201,11.877],[0,0]],"v":[[-30.758,-71.442],[-147.958,-18.134]],"c":false},"ix":2},"nm":"Path 1","mn":"ADBE Vector Shape - Group","hd":false},{"ty":"st","c":{"a":0,"k":[0.505999995213,0.536999990426,0.663000009574,1],"ix":3},"o":{"a":0,"k":100,"ix":4},"w":{"a":0,"k":2.4,"ix":5},"lc":2,"lj":1,"ml":4,"bm":0,"nm":"Stroke 1","mn":"ADBE Vector Graphic - Stroke","hd":false},{"ty":"tr","p":{"a":0,"k":[150.357,73.842],"ix":2},"a":{"a":0,"k":[0,0],"ix":1},"s":{"a":0,"k":[100,100],"ix":3},"r":{"a":0,"k":0,"ix":6},"o":{"a":0,"k":100,"ix":7},"sk":{"a":0,"k":0,"ix":4},"sa":{"a":0,"k":0,"ix":5},"nm":"Transform"}],"nm":"Group 1","np":2,"cix":2,"bm":0,"ix":1,"mn":"ADBE Vector Group","hd":false}],"ip":0,"op":121,"st":0,"bm":0},{"ddd":0,"ind":26,"ty":4,"nm":"Shape Layer 7","td":1,"sr":1,"ks":{"o":{"a":0,"k":100,"ix":11},"r":{"a":0,"k":0,"ix":10},"p":{"a":0,"k":[286,237.5,0],"ix":2},"a":{"a":0,"k":[0,0,0],"ix":1},"s":{"a":0,"k":[100,100,100],"ix":6}},"ao":0,"shapes":[{"ty":"gr","it":[{"ind":0,"ty":"sh","ix":1,"ks":{"a":0,"k":{"i":[[0,0],[56,-8.5]],"o":[[0,0],[-56,8.5]],"v":[[97,-25],[-12.5,-42]],"c":false},"ix":2},"nm":"Path 1","mn":"ADBE Vector Shape - Group","hd":false},{"ty":"st","c":{"a":0,"k":[1,0.839215446921,0,1],"ix":3},"o":{"a":0,"k":100,"ix":4},"w":{"a":0,"k":5,"ix":5},"lc":2,"lj":1,"ml":4,"bm":0,"nm":"Stroke 1","mn":"ADBE Vector Graphic - Stroke","hd":false},{"ty":"tr","p":{"a":0,"k":[0,0],"ix":2},"a":{"a":0,"k":[0,0],"ix":1},"s":{"a":0,"k":[100,100],"ix":3},"r":{"a":0,"k":0,"ix":6},"o":{"a":0,"k":100,"ix":7},"sk":{"a":0,"k":0,"ix":4},"sa":{"a":0,"k":0,"ix":5},"nm":"Transform"}],"nm":"Shape 1","np":3,"cix":2,"bm":0,"ix":1,"mn":"ADBE Vector Group","hd":false},{"ty":"tm","s":{"a":1,"k":[{"i":{"x":[0.47],"y":[1]},"o":{"x":[0.167],"y":[0]},"t":-54,"s":[0]},{"i":{"x":[0.47],"y":[1]},"o":{"x":[0.53],"y":[0]},"t":-44,"s":[0]},{"i":{"x":[0.833],"y":[1]},"o":{"x":[0.53],"y":[0]},"t":-20,"s":[100]},{"t":6,"s":[100]}],"ix":1,"x":"var $bm_rt;\n$bm_rt = loopOut('cycle', 0);"},"e":{"a":1,"k":[{"i":{"x":[0.47],"y":[1]},"o":{"x":[0.53],"y":[0]},"t":-54,"s":[0]},{"i":{"x":[0.833],"y":[1]},"o":{"x":[0.53],"y":[0]},"t":-30,"s":[100]},{"t":6,"s":[100]}],"ix":2,"x":"var $bm_rt;\n$bm_rt = loopOut('cycle', 0);"},"o":{"a":0,"k":0,"ix":3},"m":1,"ix":2,"nm":"Trim Paths 1","mn":"ADBE Vector Filter - Trim","hd":false}],"ip":0,"op":121,"st":-54,"bm":0},{"ddd":0,"ind":27,"ty":4,"nm":"Слой 5 Outlines 2","tt":1,"sr":1,"ks":{"o":{"a":0,"k":100,"ix":11},"r":{"a":0,"k":0,"ix":10},"p":{"a":0,"k":[227.756,137.864,0],"ix":2},"a":{"a":0,"k":[150.357,73.842,0],"ix":1},"s":{"a":0,"k":[100,100,100],"ix":6}},"ao":0,"shapes":[{"ty":"gr","it":[{"ind":0,"ty":"sh","ix":1,"ks":{"a":0,"k":{"i":[[0,0],[3.04,0]],"o":[[-3.17,-0.15],[0,0]],"v":[[71.057,55.383],[61.727,55.154]],"c":false},"ix":2},"nm":"Path 2","mn":"ADBE Vector Shape - Group","hd":false},{"ind":1,"ty":"sh","ix":2,"ks":{"a":0,"k":{"i":[[0,0],[19.693,3.1],[6.222,0.567]],"o":[[-10.05,-5.008],[-6.17,-0.974],[0,0]],"v":[[147.958,71.442],[99.926,58.406],[81.333,56.094]],"c":false},"ix":2},"nm":"Path 3","mn":"ADBE Vector Shape - Group","hd":false},{"ty":"st","c":{"a":0,"k":[0.505999995213,0.536999990426,0.663000009574,1],"ix":3},"o":{"a":0,"k":100,"ix":4},"w":{"a":0,"k":2.4,"ix":5},"lc":2,"lj":1,"ml":4,"bm":0,"nm":"Stroke 1","mn":"ADBE Vector Graphic - Stroke","hd":false},{"ty":"tr","p":{"a":0,"k":[150.357,73.842],"ix":2},"a":{"a":0,"k":[0,0],"ix":1},"s":{"a":0,"k":[100,100],"ix":3},"r":{"a":0,"k":0,"ix":6},"o":{"a":0,"k":100,"ix":7},"sk":{"a":0,"k":0,"ix":4},"sa":{"a":0,"k":0,"ix":5},"nm":"Transform"}],"nm":"Group 1","np":3,"cix":2,"bm":0,"ix":1,"mn":"ADBE Vector Group","hd":false}],"ip":0,"op":121,"st":0,"bm":0},{"ddd":0,"ind":28,"ty":4,"nm":"Shape Layer 8","td":1,"sr":1,"ks":{"o":{"a":0,"k":100,"ix":11},"r":{"a":0,"k":0,"ix":10},"p":{"a":0,"k":[286,237.5,0],"ix":2},"a":{"a":0,"k":[0,0,0],"ix":1},"s":{"a":0,"k":[100,100,100],"ix":6}},"ao":0,"shapes":[{"ty":"gr","it":[{"ind":0,"ty":"sh","ix":1,"ks":{"a":0,"k":{"i":[[0,0],[19,-17.5]],"o":[[0,0],[-19,17.5]],"v":[[-41.5,-116],[-122,-98.5]],"c":false},"ix":2},"nm":"Path 1","mn":"ADBE Vector Shape - Group","hd":false},{"ty":"st","c":{"a":0,"k":[1,0.839215446921,0,1],"ix":3},"o":{"a":0,"k":100,"ix":4},"w":{"a":0,"k":5,"ix":5},"lc":2,"lj":1,"ml":4,"bm":0,"nm":"Stroke 1","mn":"ADBE Vector Graphic - Stroke","hd":false},{"ty":"tr","p":{"a":0,"k":[0,0],"ix":2},"a":{"a":0,"k":[0,0],"ix":1},"s":{"a":0,"k":[100,100],"ix":3},"r":{"a":0,"k":0,"ix":6},"o":{"a":0,"k":100,"ix":7},"sk":{"a":0,"k":0,"ix":4},"sa":{"a":0,"k":0,"ix":5},"nm":"Transform"}],"nm":"Shape 1","np":3,"cix":2,"bm":0,"ix":1,"mn":"ADBE Vector Group","hd":false},{"ty":"tm","s":{"a":1,"k":[{"i":{"x":[0.47],"y":[1]},"o":{"x":[0.167],"y":[0]},"t":-67,"s":[0]},{"i":{"x":[0.47],"y":[1]},"o":{"x":[0.53],"y":[0]},"t":-57,"s":[0]},{"i":{"x":[0.833],"y":[1]},"o":{"x":[0.53],"y":[0]},"t":-33,"s":[100]},{"t":-7,"s":[100]}],"ix":1,"x":"var $bm_rt;\n$bm_rt = loopOut('cycle', 0);"},"e":{"a":1,"k":[{"i":{"x":[0.47],"y":[1]},"o":{"x":[0.53],"y":[0]},"t":-67,"s":[0]},{"i":{"x":[0.833],"y":[1]},"o":{"x":[0.53],"y":[0]},"t":-43,"s":[100]},{"t":-7,"s":[100]}],"ix":2,"x":"var $bm_rt;\n$bm_rt = loopOut('cycle', 0);"},"o":{"a":0,"k":0,"ix":3},"m":1,"ix":2,"nm":"Trim Paths 1","mn":"ADBE Vector Filter - Trim","hd":false}],"ip":0,"op":121,"st":-67,"bm":0},{"ddd":0,"ind":29,"ty":4,"nm":"Слой 5 Outlines","tt":1,"sr":1,"ks":{"o":{"a":0,"k":100,"ix":11},"r":{"a":0,"k":0,"ix":10},"p":{"a":0,"k":[227.756,137.864,0],"ix":2},"a":{"a":0,"k":[150.357,73.842,0],"ix":1},"s":{"a":0,"k":[100,100,100],"ix":6}},"ao":0,"shapes":[{"ty":"gr","it":[{"ind":0,"ty":"sh","ix":1,"ks":{"a":0,"k":{"i":[[0,0],[-11.889,0]],"o":[[11.888,-2.81],[0,0]],"v":[[-34.588,-11.888],[1.078,-16.104]],"c":false},"ix":2},"nm":"Path 4","mn":"ADBE Vector Shape - Group","hd":false},{"ty":"st","c":{"a":0,"k":[0.505999995213,0.536999990426,0.663000009574,1],"ix":3},"o":{"a":0,"k":100,"ix":4},"w":{"a":0,"k":2.4,"ix":5},"lc":2,"lj":1,"ml":4,"bm":0,"nm":"Stroke 1","mn":"ADBE Vector Graphic - Stroke","hd":false},{"ty":"tr","p":{"a":0,"k":[150.357,73.842],"ix":2},"a":{"a":0,"k":[0,0],"ix":1},"s":{"a":0,"k":[100,100],"ix":3},"r":{"a":0,"k":0,"ix":6},"o":{"a":0,"k":100,"ix":7},"sk":{"a":0,"k":0,"ix":4},"sa":{"a":0,"k":0,"ix":5},"nm":"Transform"}],"nm":"Group 1","np":2,"cix":2,"bm":0,"ix":1,"mn":"ADBE Vector Group","hd":false}],"ip":0,"op":121,"st":0,"bm":0},{"ddd":0,"ind":30,"ty":4,"nm":"Shape Layer 5","td":1,"sr":1,"ks":{"o":{"a":0,"k":100,"ix":11},"r":{"a":0,"k":0,"ix":10},"p":{"a":0,"k":[286,237.5,0],"ix":2},"a":{"a":0,"k":[0,0,0],"ix":1},"s":{"a":0,"k":[100,100,100],"ix":6}},"ao":0,"shapes":[{"ty":"gr","it":[{"ind":0,"ty":"sh","ix":1,"ks":{"a":0,"k":{"i":[[0,0],[155,-3]],"o":[[0,0],[-155,3]],"v":[[232.5,-103.5],[12,-177.5]],"c":false},"ix":2},"nm":"Path 1","mn":"ADBE Vector Shape - Group","hd":false},{"ty":"st","c":{"a":0,"k":[1,0.839215446921,0,1],"ix":3},"o":{"a":0,"k":100,"ix":4},"w":{"a":0,"k":5,"ix":5},"lc":2,"lj":1,"ml":4,"bm":0,"nm":"Stroke 1","mn":"ADBE Vector Graphic - Stroke","hd":false},{"ty":"tr","p":{"a":0,"k":[0,0],"ix":2},"a":{"a":0,"k":[0,0],"ix":1},"s":{"a":0,"k":[100,100],"ix":3},"r":{"a":0,"k":0,"ix":6},"o":{"a":0,"k":100,"ix":7},"sk":{"a":0,"k":0,"ix":4},"sa":{"a":0,"k":0,"ix":5},"nm":"Transform"}],"nm":"Shape 1","np":3,"cix":2,"bm":0,"ix":1,"mn":"ADBE Vector Group","hd":false},{"ty":"tm","s":{"a":1,"k":[{"i":{"x":[0.47],"y":[1]},"o":{"x":[0.167],"y":[0]},"t":0,"s":[0]},{"i":{"x":[0.47],"y":[1]},"o":{"x":[0.53],"y":[0]},"t":10,"s":[0]},{"i":{"x":[0.833],"y":[1]},"o":{"x":[0.53],"y":[0]},"t":34,"s":[100]},{"t":60,"s":[100]}],"ix":1,"x":"var $bm_rt;\n$bm_rt = loopOut('cycle', 0);"},"e":{"a":1,"k":[{"i":{"x":[0.47],"y":[1]},"o":{"x":[0.53],"y":[0]},"t":0,"s":[0]},{"i":{"x":[0.833],"y":[1]},"o":{"x":[0.53],"y":[0]},"t":24,"s":[100]},{"t":60,"s":[100]}],"ix":2,"x":"var $bm_rt;\n$bm_rt = loopOut('cycle', 0);"},"o":{"a":0,"k":0,"ix":3},"m":1,"ix":2,"nm":"Trim Paths 1","mn":"ADBE Vector Filter - Trim","hd":false}],"ip":0,"op":121,"st":0,"bm":0},{"ddd":0,"ind":31,"ty":4,"nm":"Слой 4 Outlines","tt":1,"sr":1,"ks":{"o":{"a":0,"k":100,"ix":11},"r":{"a":0,"k":0,"ix":10},"p":{"a":0,"k":[401.464,82.857,0],"ix":2},"a":{"a":0,"k":[85.978,25.579,0],"ix":1},"s":{"a":0,"k":[100,100,100],"ix":6}},"ao":0,"shapes":[{"ty":"gr","it":[{"ind":0,"ty":"sh","ix":1,"ks":{"a":0,"k":{"i":[[0,0],[27.139,6.947],[30.169,0.344]],"o":[[-26.99,-16.668],[-27.14,-6.947],[0,0]],"v":[[83.579,23.179],[2.385,-12.243],[-83.579,-23.179]],"c":false},"ix":2},"nm":"Path 1","mn":"ADBE Vector Shape - Group","hd":false},{"ty":"st","c":{"a":0,"k":[0.505999995213,0.536999990426,0.663000009574,1],"ix":3},"o":{"a":0,"k":100,"ix":4},"w":{"a":0,"k":2.4,"ix":5},"lc":2,"lj":1,"ml":4,"bm":0,"nm":"Stroke 1","mn":"ADBE Vector Graphic - Stroke","hd":false},{"ty":"tr","p":{"a":0,"k":[85.978,25.579],"ix":2},"a":{"a":0,"k":[0,0],"ix":1},"s":{"a":0,"k":[100,100],"ix":3},"r":{"a":0,"k":0,"ix":6},"o":{"a":0,"k":100,"ix":7},"sk":{"a":0,"k":0,"ix":4},"sa":{"a":0,"k":0,"ix":5},"nm":"Transform"}],"nm":"Group 1","np":2,"cix":2,"bm":0,"ix":1,"mn":"ADBE Vector Group","hd":false}],"ip":0,"op":121,"st":0,"bm":0},{"ddd":0,"ind":32,"ty":4,"nm":"Shape Layer 9","td":1,"sr":1,"ks":{"o":{"a":0,"k":100,"ix":11},"r":{"a":0,"k":0,"ix":10},"p":{"a":0,"k":[286,237.5,0],"ix":2},"a":{"a":0,"k":[0,0,0],"ix":1},"s":{"a":0,"k":[100,100,100],"ix":6}},"ao":0,"shapes":[{"ty":"gr","it":[{"ind":0,"ty":"sh","ix":1,"ks":{"a":0,"k":{"i":[[0,0],[-41.5,45]],"o":[[0,0],[41.5,-45]],"v":[[64.5,79.75],[211,38.5]],"c":false},"ix":2},"nm":"Path 1","mn":"ADBE Vector Shape - Group","hd":false},{"ty":"st","c":{"a":0,"k":[1,0.839215446921,0,1],"ix":3},"o":{"a":0,"k":100,"ix":4},"w":{"a":0,"k":5,"ix":5},"lc":2,"lj":1,"ml":4,"bm":0,"nm":"Stroke 1","mn":"ADBE Vector Graphic - Stroke","hd":false},{"ty":"tr","p":{"a":0,"k":[0,0],"ix":2},"a":{"a":0,"k":[0,0],"ix":1},"s":{"a":0,"k":[100,100],"ix":3},"r":{"a":0,"k":0,"ix":6},"o":{"a":0,"k":100,"ix":7},"sk":{"a":0,"k":0,"ix":4},"sa":{"a":0,"k":0,"ix":5},"nm":"Transform"}],"nm":"Shape 1","np":3,"cix":2,"bm":0,"ix":1,"mn":"ADBE Vector Group","hd":false},{"ty":"tm","s":{"a":1,"k":[{"i":{"x":[0.47],"y":[1]},"o":{"x":[0.167],"y":[0]},"t":-11,"s":[0]},{"i":{"x":[0.47],"y":[1]},"o":{"x":[0.53],"y":[0]},"t":-1,"s":[0]},{"i":{"x":[0.833],"y":[1]},"o":{"x":[0.53],"y":[0]},"t":23,"s":[100]},{"t":49,"s":[100]}],"ix":1,"x":"var $bm_rt;\n$bm_rt = loopOut('cycle', 0);"},"e":{"a":1,"k":[{"i":{"x":[0.47],"y":[1]},"o":{"x":[0.53],"y":[0]},"t":-11,"s":[0]},{"i":{"x":[0.833],"y":[1]},"o":{"x":[0.53],"y":[0]},"t":13,"s":[100]},{"t":49,"s":[100]}],"ix":2,"x":"var $bm_rt;\n$bm_rt = loopOut('cycle', 0);"},"o":{"a":0,"k":0,"ix":3},"m":1,"ix":2,"nm":"Trim Paths 1","mn":"ADBE Vector Filter - Trim","hd":false}],"ip":0,"op":121,"st":-11,"bm":0},{"ddd":0,"ind":33,"ty":4,"nm":"Слой 14 Outlines","tt":1,"sr":1,"ks":{"o":{"a":0,"k":100,"ix":11},"r":{"a":0,"k":0,"ix":10},"p":{"a":0,"k":[425.704,298.946,0],"ix":2},"a":{"a":0,"k":[64.104,20.289,0],"ix":1},"s":{"a":0,"k":[100,100,100],"ix":6}},"ao":0,"shapes":[{"ty":"gr","it":[{"ind":0,"ty":"sh","ix":1,"ks":{"a":0,"k":{"i":[[0,0],[57.311,0]],"o":[[-21.99,15.99],[0,0]],"v":[[53.639,-11.371],[-61.704,17.89]],"c":false},"ix":2},"nm":"Path 1","mn":"ADBE Vector Shape - Group","hd":false},{"ind":1,"ty":"sh","ix":2,"ks":{"a":0,"k":{"i":[[0,0],[1.122,-0.922]],"o":[[-1.08,0.972],[0,0]],"v":[[61.704,-17.89],[58.402,-15.049]],"c":false},"ix":2},"nm":"Path 2","mn":"ADBE Vector Shape - Group","hd":false},{"ty":"st","c":{"a":0,"k":[0.169000004787,0.176000004189,0.219999994016,1],"ix":3},"o":{"a":0,"k":100,"ix":4},"w":{"a":0,"k":2.4,"ix":5},"lc":2,"lj":1,"ml":4,"bm":0,"nm":"Stroke 1","mn":"ADBE Vector Graphic - Stroke","hd":false},{"ty":"tr","p":{"a":0,"k":[64.104,20.289],"ix":2},"a":{"a":0,"k":[0,0],"ix":1},"s":{"a":0,"k":[100,100],"ix":3},"r":{"a":0,"k":0,"ix":6},"o":{"a":0,"k":100,"ix":7},"sk":{"a":0,"k":0,"ix":4},"sa":{"a":0,"k":0,"ix":5},"nm":"Transform"}],"nm":"Group 1","np":3,"cix":2,"bm":0,"ix":1,"mn":"ADBE Vector Group","hd":false}],"ip":0,"op":121,"st":0,"bm":0},{"ddd":0,"ind":34,"ty":4,"nm":"Слой 1 Outlines","sr":1,"ks":{"o":{"a":0,"k":100,"ix":11},"r":{"a":0,"k":0,"ix":10},"p":{"a":0,"k":[300.34,225.789,0],"ix":2},"a":{"a":0,"k":[312.904,225.987,0],"ix":1},"s":{"a":0,"k":[100,100,100],"ix":6}},"ao":0,"shapes":[{"ty":"gr","it":[{"ind":0,"ty":"sh","ix":1,"ks":{"a":0,"k":{"i":[[0,0],[53.058,62.419],[167.191,0],[140.645,-8.92],[18.929,-60.732],[-102.154,-14.003],[-36.999,7.62],[-92.941,-13.787]],"o":[[92.939,13.786],[-53.056,-62.419],[-76.907,0],[-64.664,4.1],[-18.93,60.733],[53.143,7.286],[66.534,-13.703],[0,0]],"v":[[100.157,181.04],[273.936,47.846],[78.99,-225.737],[-151.919,-126.367],[-279.384,-46.539],[-173.674,218.451],[-52.712,171.555],[100.156,181.04]],"c":true},"ix":2},"nm":"Path 1","mn":"ADBE Vector Shape - Group","hd":false},{"ty":"fl","c":{"a":0,"k":[0.944999964097,0.948999980852,0.980000035903,1],"ix":4},"o":{"a":0,"k":100,"ix":5},"r":1,"bm":0,"nm":"Fill 1","mn":"ADBE Vector Graphic - Fill","hd":false},{"ty":"tr","p":{"a":0,"k":[298.564,225.987],"ix":2},"a":{"a":0,"k":[0,0],"ix":1},"s":{"a":0,"k":[100,100],"ix":3},"r":{"a":0,"k":0,"ix":6},"o":{"a":0,"k":100,"ix":7},"sk":{"a":0,"k":0,"ix":4},"sa":{"a":0,"k":0,"ix":5},"nm":"Transform"}],"nm":"Group 1","np":2,"cix":2,"bm":0,"ix":1,"mn":"ADBE Vector Group","hd":false}],"ip":0,"op":121,"st":0,"bm":0}],"markers":[]}